scenario_id,policy,router,call_index,round,tool,raw_args,normalized_args,json_valid,status,evidence_ids_revealed,new_information,duplicate,relevant,discovery_step,error_class,result_summary
LIN-01,full,p0,1,1,systemctl_status,"{""service"": ""nginx""}","{""service"": ""nginx""}",True,revealed,E1,True,False,True,True,,"{""revealed"": [{""id"": ""E1"", ""tool"": ""systemctl_status"", ""key"": ""nginx"", ""text"": ""nginx.service failed; Active: failed""}]}"
LIN-01,full,p0,2,2,journalctl_read,"{""service"": ""nginx""}","{""service"": ""nginx""}",True,revealed,E2,True,False,True,True,,"{""revealed"": [{""id"": ""E2"", ""tool"": ""journalctl_read"", ""key"": ""nginx"", ""text"": ""nginx: [emerg] bind() to 0.0.0.0:80 failed (98: Address already in use)""}]}"
LIN-02,full,p0,1,1,shell_readonly,"{""command"": ""df -h""}","{""command"": ""df -h""}",True,revealed,E1,True,False,True,True,,"{""revealed"": [{""id"": ""E1"", ""tool"": ""shell_readonly"", ""key"": ""df -h"", ""text"": ""/var 100% used""}]}"
LIN-02,full,p0,2,2,shell_readonly,"{""command"": ""du -sh /var/*""}","{""command"": ""du -sh /var/*""}",True,revealed,E2,True,False,True,True,,"{""revealed"": [{""id"": ""E2"", ""tool"": ""shell_readonly"", ""key"": ""du -sh /var/*"", ""text"": ""/var/log 48G""}]}"
LIN-02,full,p0,3,3,shell_readonly,"{""command"": ""ls -l /var/log""}","{""command"": ""ls -l /var/log""}",True,unsupported_command,,False,False,False,False,,"{""unsupported_command"": true, ""family"": ""ls""}"
LIN-02,full,p0,4,4,shell_readonly,"{""command"": ""ls -la /var/log""}","{""command"": ""ls -la /var/log""}",True,unsupported_command,,False,False,False,False,,"{""unsupported_command"": true, ""family"": ""ls""}"
LIN-02,full,p0,5,5,shell_readonly,"{""command"": ""find /var/log -type f -size +100M -exec ls -lh {} \\\\;""}","{""command"": ""find /var/log -type f -size +100M -exec ls -lh {} \\\\;""}",True,unsupported_command,,False,False,False,False,,"{""unsupported_command"": true, ""family"": ""find""}"
LIN-03,full,p0,1,1,systemctl_status,"{""service"": ""cron""}","{""service"": ""cron""}",True,empty,,False,False,False,False,,"{""empty"": true}"
LIN-03,full,p0,2,1,journalctl_read,"{""service"": ""cron""}","{""service"": ""cron""}",True,revealed,E3,True,False,True,True,,"{""revealed"": [{""id"": ""E3"", ""tool"": ""journalctl_read"", ""key"": ""cron"", ""text"": ""backup.sh: /data: No such file or directory""}]}"
LIN-03,full,p0,3,1,grep_search,"{""pattern"": ""2am"", ""path"": ""/etc/crontab""}","{""path"": ""/etc/crontab"", ""pattern"": ""2am""}",True,empty,,True,False,False,False,,"{""empty"": true}"
LIN-03,full,p0,4,1,list_directory,"{""path"": ""/var/log""}","{""path"": ""/var/log""}",True,empty,,True,False,False,False,,"{""empty"": true}"
LIN-03,full,p0,5,2,shell_readonly,"{""command"": ""ls -l /data""}","{""command"": ""ls -l /data""}",True,unsupported_command,,False,False,False,False,,"{""unsupported_command"": true, ""family"": ""ls""}"
LIN-03,full,p0,6,2,shell_readonly,"{""command"": ""cat /etc/crontab""}","{""command"": ""cat /etc/crontab""}",True,unsupported_command,,False,False,False,False,,"{""unsupported_command"": true, ""family"": ""cat""}"
LIN-03,full,p0,7,2,shell_readonly,"{""command"": ""grep -r 'backup.sh' /etc/crontab /var/spool/cron/""}","{""command"": ""grep -r 'backup.sh' /etc/crontab /var/spool/cron/""}",True,unsupported_command,,False,False,False,False,,"{""unsupported_command"": true, ""family"": ""grep""}"
LIN-03,full,p0,8,2,shell_readonly,"{""command"": ""ls -l /home/user/backup.sh""}","{""command"": ""ls -l /home/user/backup.sh""}",True,unsupported_command,,False,False,False,False,,"{""unsupported_command"": true, ""family"": ""ls""}"
LIN-03,full,p0,9,3,read_file,"{""path"": ""/etc/crontab""}","{""path"": ""/etc/crontab""}",True,not_found,,False,False,False,False,,"{""not_found"": true}"
LIN-03,full,p0,10,3,shell_readonly,"{""command"": ""ls -la /data""}","{""command"": ""ls -la /data""}",True,unsupported_command,,False,False,False,False,,"{""unsupported_command"": true, ""family"": ""ls""}"
LIN-03,full,p0,11,3,shell_readonly,"{""command"": ""ls -la /home/user/""}","{""command"": ""ls -la /home/user/""}",True,unsupported_command,,False,False,False,False,,"{""unsupported_command"": true, ""family"": ""ls""}"
LIN-03,full,p0,12,3,shell_readonly,"{""command"": ""find / -name backup.sh 2>/dev/null""}","{""command"": ""find / -name backup.sh 2>/dev/null""}",True,unsupported_command,,False,False,False,False,,"{""unsupported_command"": true, ""family"": ""find""}"
LIN-03,full,p0,13,4,grep_search,"{""pattern"": ""backup.sh"", ""path"": ""/etc/crontab""}","{""path"": ""/etc/crontab"", ""pattern"": ""backup.sh""}",True,empty,,False,False,False,False,,"{""empty"": true}"
LIN-03,full,p0,14,4,shell_readonly,"{""command"": ""ls -la /home/user/""}","{""command"": ""ls -la /home/user/""}",True,duplicate,,False,True,False,False,,"{""duplicate"": true}"
LIN-03,full,p0,15,4,shell_readonly,"{""command"": ""ls -la /data""}","{""command"": ""ls -la /data""}",True,duplicate,,False,True,False,False,,"{""duplicate"": true}"
LIN-03,full,p0,16,4,shell_readonly,"{""command"": ""crontab -l""}","{""command"": ""crontab -l""}",True,revealed,E1,True,True,True,True,,"{""revealed"": [{""id"": ""E1"", ""tool"": ""shell_readonly"", ""key"": ""crontab -l"", ""text"": ""0 2 * * * /opt/backup.sh""}]}"
LIN-03,full,p0,17,5,read_file,"{""path"": ""/opt/backup.sh""}","{""path"": ""/opt/backup.sh""}",True,revealed,E2,True,True,True,True,,"{""revealed"": [{""id"": ""E2"", ""tool"": ""read_file"", ""key"": ""opt/backup.sh"", ""text"": ""#!/bin/bash\nset -e\ntar czf /backup.tar /data\n""}]}"
LIN-03,full,p0,18,5,shell_readonly,"{""command"": ""ls -la /opt/backup.sh""}","{""command"": ""ls -la /opt/backup.sh""}",True,unsupported_command,,True,True,False,False,,"{""unsupported_command"": true, ""family"": ""ls""}"
LIN-03,full,p0,19,5,shell_readonly,"{""command"": ""mkdir -p /data""}","{""command"": ""mkdir -p /data""}",True,unsupported_command,,True,True,False,False,,"{""unsupported_command"": true, ""family"": ""mkdir""}"
LIN-03,full,p0,20,5,shell_readonly,"{""command"": ""chmod +x /opt/backup.sh""}","{""command"": ""chmod +x /opt/backup.sh""}",True,unsupported_command,,True,True,False,False,,"{""unsupported_command"": true, ""family"": ""chmod""}"
LIN-04,full,p0,1,1,systemctl_status,"{""service"": ""app""}","{""service"": ""app""}",True,revealed,E1,True,False,True,True,,"{""revealed"": [{""id"": ""E1"", ""tool"": ""systemctl_status"", ""key"": ""app"", ""text"": ""app.service: activating (auto-restart)""}]}"
LIN-04,full,p0,2,2,journalctl_read,"{""service"": ""app""}","{""service"": ""app""}",True,revealed,E2,True,False,True,True,,"{""revealed"": [{""id"": ""E2"", ""tool"": ""journalctl_read"", ""key"": ""app"", ""text"": ""app: out of memory: Killed process""}]}"
LIN-05,full,p0,1,1,systemctl_status,"{""service"": ""worker.service""}","{""service"": ""worker.service""}",True,revealed,E1,True,False,True,True,,"{""revealed"": [{""id"": ""E1"", ""tool"": ""systemctl_status"", ""key"": ""worker"", ""text"": ""worker.service failed; Result: exit-code""}]}"
LIN-05,full,p0,2,2,journalctl_read,"{""service"": ""worker.service""}","{""service"": ""worker.service""}",True,revealed,E2,True,False,True,True,,"{""revealed"": [{""id"": ""E2"", ""tool"": ""journalctl_read"", ""key"": ""worker"", ""text"": ""worker: ImportError: No module named 'requests'""}]}"
NET-01,full,p0,1,1,dns_lookup,"{""hostname"": ""api.internal.example.com""}","{""hostname"": ""api.internal.example.com""}",True,revealed,E1,True,False,True,True,,"{""revealed"": [{""id"": ""E1"", ""tool"": ""dns_lookup"", ""key"": ""api.internal.example.com"", ""text"": ""NXDOMAIN""}]}"
NET-01,full,p0,2,2,shell_readonly,"{""command"": ""cat /etc/resolv.conf""}","{""command"": ""cat /etc/resolv.conf""}",True,revealed,E2,True,False,True,True,,"{""revealed"": [{""id"": ""E2"", ""tool"": ""shell_readonly"", ""key"": ""cat /etc/resolv.conf"", ""text"": ""nameserver 10.0.0.53""}]}"
NET-01,full,p0,3,3,shell_readonly,"{""command"": ""nslookup api.internal.example.com 10.0.0.53""}","{""command"": ""nslookup api.internal.example.com 10.0.0.53""}",True,unsupported_command,,False,False,False,False,,"{""unsupported_command"": true, ""family"": ""nslookup""}"
NET-01,full,p0,4,4,shell_readonly,"{""command"": ""dig @10.0.0.53 api.internal.example.com""}","{""command"": ""dig @10.0.0.53 api.internal.example.com""}",True,unsupported_command,,False,False,False,False,,"{""unsupported_command"": true, ""family"": ""dig""}"
NET-01,full,p0,5,5,shell_readonly,"{""command"": ""cat /etc/hosts""}","{""command"": ""cat /etc/hosts""}",True,unsupported_command,,False,False,False,False,,"{""unsupported_command"": true, ""family"": ""cat""}"
NET-02,full,p0,1,1,shell_readonly,"{""command"": ""ls -l /etc/ssl/certs/""}","{""command"": ""ls -l /etc/ssl/certs/""}",True,unsupported_command,,False,False,False,False,,"{""unsupported_command"": true, ""family"": ""ls""}"
NET-02,full,p0,2,2,shell_readonly,"{""command"": ""find /etc/ssl/certs/ -name '*.crt' -o -name '*.pem' | head -n 5""}","{""command"": ""find /etc/ssl/certs/ -name '*.crt' -o -name '*.pem' | head -n 5""}",True,unsupported_command,,False,False,False,False,,"{""unsupported_command"": true, ""family"": ""find""}"
NET-02,full,p0,3,3,list_directory,"{""path"": ""/etc/ssl/certs/""}","{""path"": ""/etc/ssl/certs/""}",True,empty,,False,False,False,False,,"{""empty"": true}"
NET-03,full,p0,1,1,systemctl_status,"{""service"": ""nginx""}","{""service"": ""nginx""}",True,empty,,False,False,False,False,,"{""empty"": true}"
NET-03,full,p0,2,1,systemctl_status,"{""service"": ""apache2""}","{""service"": ""apache2""}",True,empty,,False,False,False,False,,"{""empty"": true}"
NET-03,full,p0,3,1,journalctl_read,"{""service"": ""nginx""}","{""service"": ""nginx""}",True,empty,,False,False,False,False,,"{""empty"": true}"
NET-03,full,p0,4,1,journalctl_read,"{""service"": ""apache2""}","{""service"": ""apache2""}",True,empty,,False,False,False,False,,"{""empty"": true}"
NET-03,full,p0,5,1,shell_readonly,"{""command"": ""ss -tuln | grep -E '(80|443)'""}","{""command"": ""ss -tuln | grep -E '(80|443)'""}",True,unsupported_command,,False,False,False,False,,"{""unsupported_command"": true, ""family"": ""ss""}"
NET-03,full,p0,6,1,shell_readonly,"{""command"": ""cat /etc/nginx/nginx.conf""}","{""command"": ""cat /etc/nginx/nginx.conf""}",True,unsupported_command,,False,False,False,False,,"{""unsupported_command"": true, ""family"": ""cat""}"
NET-03,full,p0,7,1,shell_readonly,"{""command"": ""cat /etc/apache2/apache2.conf""}","{""command"": ""cat /etc/apache2/apache2.conf""}",True,unsupported_command,,False,False,False,False,,"{""unsupported_command"": true, ""family"": ""cat""}"
NET-03,full,p0,8,2,shell_readonly,"{""command"": ""netstat -tuln | grep -E '(80|443)'""}","{""command"": ""netstat -tuln | grep -E '(80|443)'""}",True,unsupported_command,,False,False,False,False,,"{""unsupported_command"": true, ""family"": ""netstat""}"
NET-03,full,p0,9,2,shell_readonly,"{""command"": ""ls -l /etc/nginx/""}","{""command"": ""ls -l /etc/nginx/""}",True,unsupported_command,,False,False,False,False,,"{""unsupported_command"": true, ""family"": ""ls""}"
NET-03,full,p0,10,2,shell_readonly,"{""command"": ""ls -l /etc/apache2/""}","{""command"": ""ls -l /etc/apache2/""}",True,unsupported_command,,False,False,False,False,,"{""unsupported_command"": true, ""family"": ""ls""}"
NET-03,full,p0,11,2,grep_search,"{""pattern"": ""timeout"", ""path"": ""/etc/nginx/nginx.conf""}","{""path"": ""/etc/nginx/nginx.conf"", ""pattern"": ""timeout""}",True,empty,,False,False,False,False,,"{""empty"": true}"
NET-03,full,p0,12,2,grep_search,"{""pattern"": ""timeout"", ""path"": ""/etc/apache2/apache2.conf""}","{""path"": ""/etc/apache2/apache2.conf"", ""pattern"": ""timeout""}",True,empty,,False,False,False,False,,"{""empty"": true}"
NET-03,full,p0,13,3,list_directory,"{""path"": ""/etc/nginx""}","{""path"": ""/etc/nginx""}",True,empty,,False,False,False,False,,"{""empty"": true}"
NET-03,full,p0,14,3,list_directory,"{""path"": ""/etc/apache2""}","{""path"": ""/etc/apache2""}",True,empty,,False,False,False,False,,"{""empty"": true}"
NET-03,full,p0,15,3,read_file,"{""path"": ""/etc/nginx/conf.d/default.conf""}","{""path"": ""/etc/nginx/conf.d/default.conf""}",True,not_found,,False,False,False,False,,"{""not_found"": true}"
NET-03,full,p0,16,3,read_file,"{""path"": ""/etc/apache2/sites-available/000-default.conf""}","{""path"": ""/etc/apache2/sites-available/000-default.conf""}",True,not_found,,False,False,False,False,,"{""not_found"": true}"
NET-03,full,p0,17,3,shell_readonly,"{""command"": ""find /etc -name \\\""*.conf\\\"" -exec grep -l \\\""timeout\\\"" {} \\\\;""}","{""command"": ""find /etc -name \\\""*.conf\\\"" -exec grep -l \\\""timeout\\\"" {} \\\\;""}",True,unsupported_command,,False,False,False,False,,"{""unsupported_command"": true, ""family"": ""find""}"
NET-04,full,p0,1,1,dns_lookup,"{""hostname"": ""db.internal""}","{""hostname"": ""db.internal""}",True,revealed,E1,True,False,True,True,,"{""revealed"": [{""id"": ""E1"", ""tool"": ""dns_lookup"", ""key"": ""db.internal"", ""text"": ""10.9.9.9 (expected 10.0.0.10)""}]}"
NET-04,full,p0,2,2,shell_readonly,"{""command"": ""cat /etc/resolv.conf""}","{""command"": ""cat /etc/resolv.conf""}",True,unsupported_command,,False,False,False,False,,"{""unsupported_command"": true, ""family"": ""cat""}"
NET-04,full,p0,3,3,shell_readonly,"{""command"": ""grep -i 'nameserver' /etc/resolv.conf""}","{""command"": ""grep -i 'nameserver' /etc/resolv.conf""}",True,unsupported_command,,False,False,False,False,,"{""unsupported_command"": true, ""family"": ""grep""}"
NET-04,full,p0,4,4,read_file,"{""path"": ""/etc/resolv.conf""}","{""path"": ""/etc/resolv.conf""}",True,not_found,,False,False,False,False,,"{""not_found"": true}"
NET-05,full,p0,1,1,systemctl_status,"{""service"": ""nginx""}","{""service"": ""nginx""}",True,empty,,False,False,False,False,,"{""empty"": true}"
NET-05,full,p0,2,2,systemctl_status,"{""service"": ""haproxy""}","{""service"": ""haproxy""}",True,empty,,False,False,False,False,,"{""empty"": true}"
NET-05,full,p0,3,3,shell_readonly,"{""command"": ""ps aux | grep -E \""(nginx|apache|haproxy)\""""}","{""command"": ""ps aux | grep -E \""(nginx|apache|haproxy)\""""}",True,unsupported_command,,False,False,False,False,,"{""unsupported_command"": true, ""family"": ""ps""}"
K8S-01,full,p0,1,1,kubectl_get,"{""resource"": ""pods"", ""namespace"": ""prod""}","{""namespace"": ""prod"", ""resource"": ""pods""}",True,revealed,E1,True,False,True,True,,"{""revealed"": [{""id"": ""E1"", ""tool"": ""kubectl_get"", ""key"": ""pods"", ""text"": ""web 0/1 CrashLoopBackOff""}]}"
K8S-01,full,p0,2,2,kubectl_describe,"{""pod"": ""web"", ""namespace"": ""prod""}","{""namespace"": ""prod"", ""pod"": ""web""}",True,revealed,E2,True,False,True,True,,"{""revealed"": [{""id"": ""E2"", ""tool"": ""kubectl_describe"", ""key"": ""web"", ""text"": ""Exit Code 1; Liveness HTTP 500""}]}"
K8S-01,full,p0,3,3,kubectl_logs,"{""pod"": ""web"", ""namespace"": ""prod""}","{""namespace"": ""prod"", ""pod"": ""web""}",True,revealed,E3,True,False,True,True,,"{""revealed"": [{""id"": ""E3"", ""tool"": ""kubectl_logs"", ""key"": ""web"", ""text"": ""panic: dial tcp 10.0.0.10:5432: connection refused""}]}"
K8S-02,full,p0,1,1,kubectl_get,"{""resource"": ""pods""}","{""resource"": ""pods""}",True,revealed,E1,True,False,True,True,,"{""revealed"": [{""id"": ""E1"", ""tool"": ""kubectl_get"", ""key"": ""pods"", ""text"": ""api 0/1 Pending""}]}"
K8S-02,full,p0,2,2,kubectl_describe,"{""pod"": ""api""}","{""pod"": ""api""}",True,revealed,E2,True,False,True,True,,"{""revealed"": [{""id"": ""E2"", ""tool"": ""kubectl_describe"", ""key"": ""api"", ""text"": ""0/2 nodes available: insufficient cpu""}]}"
K8S-03,full,p0,1,1,kubectl_get,"{""resource"": ""pods""}","{""resource"": ""pods""}",True,empty,,False,False,False,False,,"{""empty"": true}"
K8S-03,full,p0,2,2,kubectl_get,"{""resource"": ""pods"", ""namespace"": ""default""}","{""namespace"": ""default"", ""resource"": ""pods""}",True,empty,,False,False,False,False,,"{""empty"": true}"
K8S-03,full,p0,3,3,kubectl_get,"{""resource"": ""pods"", ""namespace"": ""kube-system""}","{""namespace"": ""kube-system"", ""resource"": ""pods""}",True,empty,,False,False,False,False,,"{""empty"": true}"
K8S-04,full,p0,1,1,kubectl_get,"{""resource"": ""pods"", ""namespace"": ""default""}","{""namespace"": ""default"", ""resource"": ""pods""}",True,empty,,False,False,False,False,,"{""empty"": true}"
K8S-04,full,p0,2,2,kubectl_get,"{""resource"": ""pods"", ""namespace"": ""kube-system""}","{""namespace"": ""kube-system"", ""resource"": ""pods""}",True,empty,,False,False,False,False,,"{""empty"": true}"
K8S-04,full,p0,3,3,kubectl_get,"{""resource"": ""pods""}","{""resource"": ""pods""}",True,empty,,False,False,False,False,,"{""empty"": true}"
K8S-05,full,p0,1,1,kubectl_get,"{""resource"": ""pods"", ""namespace"": ""default""}","{""namespace"": ""default"", ""resource"": ""pods""}",True,empty,,False,False,False,False,,"{""empty"": true}"
K8S-05,full,p0,2,2,kubectl_get,"{""resource"": ""pods"", ""namespace"": ""kube-system""}","{""namespace"": ""kube-system"", ""resource"": ""pods""}",True,empty,,False,False,False,False,,"{""empty"": true}"
K8S-05,full,p0,3,3,kubectl_get,"{""resource"": ""services"", ""namespace"": ""default""}","{""namespace"": ""default"", ""resource"": ""services""}",True,empty,,False,False,False,False,,"{""empty"": true}"
K8S-06,full,p0,1,1,kubectl_get,"{""resource"": ""pods"", ""namespace"": ""default""}","{""namespace"": ""default"", ""resource"": ""pods""}",True,empty,,False,False,False,False,,"{""empty"": true}"
K8S-06,full,p0,2,2,kubectl_get,"{""resource"": ""namespaces""}","{""resource"": ""namespaces""}",True,empty,,False,False,False,False,,"{""empty"": true}"
K8S-06,full,p0,3,3,shell_readonly,"{""command"": ""kubectl cluster-info""}","{""command"": ""kubectl cluster-info""}",True,unsupported_command,,False,False,False,False,,"{""unsupported_command"": true, ""family"": ""kubectl""}"
K8S-07,full,p0,1,1,kubectl_get,"{""resource"": ""pods""}","{""resource"": ""pods""}",True,empty,,False,False,False,False,,"{""empty"": true}"
K8S-07,full,p0,2,2,kubectl_get,"{""resource"": ""pods"", ""namespace"": ""default""}","{""namespace"": ""default"", ""resource"": ""pods""}",True,empty,,False,False,False,False,,"{""empty"": true}"
K8S-07,full,p0,3,3,shell_readonly,"{""command"": ""kubectl get pods -A""}","{""command"": ""kubectl get pods -A""}",True,unsupported_command,,False,False,False,False,,"{""unsupported_command"": true, ""family"": ""kubectl""}"
K8S-08,full,p0,1,1,kubectl_get,"{""resource"": ""pods""}","{""resource"": ""pods""}",True,empty,,False,False,False,False,,"{""empty"": true}"
K8S-08,full,p0,2,2,kubectl_get,"{""resource"": ""pods"", ""namespace"": ""default""}","{""namespace"": ""default"", ""resource"": ""pods""}",True,empty,,False,False,False,False,,"{""empty"": true}"
K8S-08,full,p0,3,3,kubectl_get,"{""resource"": ""pods"", ""namespace"": ""kube-system""}","{""namespace"": ""kube-system"", ""resource"": ""pods""}",True,empty,,False,False,False,False,,"{""empty"": true}"
CON-01,full,p0,1,1,systemctl_status,"{""service"": ""docker""}","{""service"": ""docker""}",True,empty,,False,False,False,False,,"{""empty"": true}"
CON-01,full,p0,2,1,journalctl_read,"{""service"": ""docker""}","{""service"": ""docker""}",True,empty,,False,False,False,False,,"{""empty"": true}"
CON-01,full,p0,3,1,shell_readonly,"{""command"": ""docker ps -a""}","{""command"": ""docker ps -a""}",True,unsupported_command,,False,False,False,False,,"{""unsupported_command"": true, ""family"": ""docker""}"
CON-01,full,p0,4,1,shell_readonly,"{""command"": ""free -m""}","{""command"": ""free -m""}",True,unsupported_command,,False,False,False,False,,"{""unsupported_command"": true, ""family"": ""free""}"
CON-01,full,p0,5,1,shell_readonly,"{""command"": ""df -h""}","{""command"": ""df -h""}",True,unsupported_command,,False,False,False,False,,"{""unsupported_command"": true, ""family"": ""df""}"
CON-01,full,p0,6,2,kubectl_get,"{""resource"": ""pods""}","{""resource"": ""pods""}",True,empty,,False,False,False,False,,"{""empty"": true}"
CON-01,full,p0,7,2,kubectl_get,"{""resource"": ""nodes""}","{""resource"": ""nodes""}",True,empty,,False,False,False,False,,"{""empty"": true}"
CON-01,full,p0,8,2,shell_readonly,"{""command"": ""cat /proc/meminfo""}","{""command"": ""cat /proc/meminfo""}",True,unsupported_command,,False,False,False,False,,"{""unsupported_command"": true, ""family"": ""cat""}"
CON-01,full,p0,9,2,shell_readonly,"{""command"": ""cat /proc/cpuinfo""}","{""command"": ""cat /proc/cpuinfo""}",True,unsupported_command,,False,False,False,False,,"{""unsupported_command"": true, ""family"": ""cat""}"
CON-01,full,p0,10,2,shell_readonly,"{""command"": ""lsblk""}","{""command"": ""lsblk""}",True,unsupported_command,,False,False,False,False,,"{""unsupported_command"": true, ""family"": ""lsblk""}"
CON-01,full,p0,11,3,shell_readonly,"{""command"": ""cat /proc/1/status""}","{""command"": ""cat /proc/1/status""}",True,unsupported_command,,False,False,False,False,,"{""unsupported_command"": true, ""family"": ""cat""}"
CON-01,full,p0,12,3,shell_readonly,"{""command"": ""cat /proc/1/cgroup""}","{""command"": ""cat /proc/1/cgroup""}",True,unsupported_command,,False,False,False,False,,"{""unsupported_command"": true, ""family"": ""cat""}"
CON-01,full,p0,13,3,shell_readonly,"{""command"": ""cat /sys/fs/cgroup/memory/memory.limit_in_bytes""}","{""command"": ""cat /sys/fs/cgroup/memory/memory.limit_in_bytes""}",True,unsupported_command,,False,False,False,False,,"{""unsupported_command"": true, ""family"": ""cat""}"
CON-01,full,p0,14,3,shell_readonly,"{""command"": ""cat /sys/fs/cgroup/memory/memory.usage_in_bytes""}","{""command"": ""cat /sys/fs/cgroup/memory/memory.usage_in_bytes""}",True,unsupported_command,,False,False,False,False,,"{""unsupported_command"": true, ""family"": ""cat""}"
CON-01,full,p0,15,3,shell_readonly,"{""command"": ""cat /sys/fs/cgroup/cpu/cpu.cfs_quota_us""}","{""command"": ""cat /sys/fs/cgroup/cpu/cpu.cfs_quota_us""}",True,unsupported_command,,False,False,False,False,,"{""unsupported_command"": true, ""family"": ""cat""}"
CON-02,full,p0,1,1,systemctl_status,"{""service"": ""docker""}","{""service"": ""docker""}",True,revealed,E1,True,False,True,True,,"{""revealed"": [{""id"": ""E1"", ""tool"": ""systemctl_status"", ""key"": ""docker"", ""text"": ""docker.service inactive (dead)""}]}"
CON-02,full,p0,2,2,shell_readonly,"{""command"": ""sudo systemctl start docker""}","{""command"": ""sudo systemctl start docker""}",True,unsupported_command,,False,False,False,False,,"{""unsupported_command"": true, ""family"": ""sudo""}"
CON-02,full,p0,3,3,shell_readonly,"{""command"": ""systemctl start docker""}","{""command"": ""systemctl start docker""}",True,unsupported_command,,False,False,False,False,,"{""unsupported_command"": true, ""family"": ""systemctl""}"
CON-02,full,p0,4,4,shell_readonly,"{""command"": ""which docker""}","{""command"": ""which docker""}",True,unsupported_command,,False,False,False,False,,"{""unsupported_command"": true, ""family"": ""which""}"
CON-03,full,p0,1,1,systemctl_status,"{""service"": ""docker""}","{""service"": ""docker""}",True,empty,,False,False,False,False,,"{""empty"": true}"
CON-03,full,p0,2,2,shell_readonly,"{""command"": ""docker info""}","{""command"": ""docker info""}",True,unsupported_command,,False,False,False,False,,"{""unsupported_command"": true, ""family"": ""docker""}"
CON-03,full,p0,3,3,shell_readonly,"{""command"": ""systemctl status docker""}","{""command"": ""systemctl status docker""}",True,unsupported_command,,False,False,False,False,,"{""unsupported_command"": true, ""family"": ""systemctl""}"
CON-04,full,p0,1,1,shell_readonly,"{""command"": ""docker images""}","{""command"": ""docker images""}",True,revealed,E1,True,False,True,True,,"{""revealed"": [{""id"": ""E1"", ""tool"": ""shell_readonly"", ""key"": ""docker images"", ""text"": ""app 4.8GB""}]}"
CON-04,full,p0,2,2,shell_readonly,"{""command"": ""docker history app""}","{""command"": ""docker history app""}",True,unsupported_command,,False,False,False,False,,"{""unsupported_command"": true, ""family"": ""docker""}"
CON-04,full,p0,3,3,shell_readonly,"{""command"": ""du -sh /var/lib/docker/overlay2/*""}","{""command"": ""du -sh /var/lib/docker/overlay2/*""}",True,unsupported_command,,False,False,False,False,,"{""unsupported_command"": true, ""family"": ""du""}"
CON-04,full,p0,4,4,shell_readonly,"{""command"": ""ls -lh /var/lib/docker/""}","{""command"": ""ls -lh /var/lib/docker/""}",True,unsupported_command,,False,False,False,False,,"{""unsupported_command"": true, ""family"": ""ls""}"
STO-01,full,p0,1,1,kubectl_get,"{""resource"": ""pvc""}","{""resource"": ""pvc""}",True,empty,,False,False,False,False,,"{""empty"": true}"
STO-01,full,p0,2,2,kubectl_get,"{""resource"": ""pvc"", ""namespace"": ""default""}","{""namespace"": ""default"", ""resource"": ""pvc""}",True,empty,,False,False,False,False,,"{""empty"": true}"
STO-01,full,p0,3,3,kubectl_get,"{""resource"": ""pvc"", ""namespace"": ""kube-system""}","{""namespace"": ""kube-system"", ""resource"": ""pvc""}",True,empty,,False,False,False,False,,"{""empty"": true}"
STO-02,full,p0,1,1,shell_readonly,"{""command"": ""ceph health detail""}","{""command"": ""ceph health detail""}",True,unsupported_command,,False,False,False,False,,"{""unsupported_command"": true, ""family"": ""ceph""}"
STO-02,full,p0,2,1,shell_readonly,"{""command"": ""ceph osd tree""}","{""command"": ""ceph osd tree""}",True,revealed,E2,True,False,True,True,,"{""revealed"": [{""id"": ""E2"", ""tool"": ""shell_readonly"", ""key"": ""ceph osd tree"", ""text"": ""osd.3 down (host node7)""}]}"
STO-02,full,p0,3,1,shell_readonly,"{""command"": ""ceph osd status""}","{""command"": ""ceph osd status""}",True,unsupported_command,,True,False,False,False,,"{""unsupported_command"": true, ""family"": ""ceph""}"
STO-02,full,p0,4,1,shell_readonly,"{""command"": ""ceph osd df tree""}","{""command"": ""ceph osd df tree""}",True,unsupported_command,,True,False,False,False,,"{""unsupported_command"": true, ""family"": ""ceph""}"
STO-02,full,p0,5,2,shell_readonly,"{""command"": ""ceph osd tree""}","{""command"": ""ceph osd tree""}",True,duplicate,,False,True,False,False,,"{""duplicate"": true}"
STO-02,full,p0,6,3,shell_readonly,"{""command"": ""ceph status""}","{""command"": ""ceph status""}",True,revealed,E1,True,True,True,True,,"{""revealed"": [{""id"": ""E1"", ""tool"": ""shell_readonly"", ""key"": ""ceph -s"", ""text"": ""HEALTH_WARN 1 osd down; osd.3 down""}]}"
STO-02,full,p0,7,4,shell_readonly,"{""command"": ""ceph osd dump""}","{""command"": ""ceph osd dump""}",True,unsupported_command,,False,True,False,False,,"{""unsupported_command"": true, ""family"": ""ceph""}"
STO-02,full,p0,8,5,shell_readonly,"{""command"": ""ceph osd tree""}","{""command"": ""ceph osd tree""}",True,duplicate,,False,True,False,False,,"{""duplicate"": true}"
STO-02,full,p0,9,6,shell_readonly,"{""command"": ""ceph daemon osd.3 status""}","{""command"": ""ceph daemon osd.3 status""}",True,unsupported_command,,False,True,False,False,,"{""unsupported_command"": true, ""family"": ""ceph""}"
STO-03,full,p0,1,1,systemctl_status,"{""service"": ""ceph-mon""}","{""service"": ""ceph-mon""}",True,empty,,False,False,False,False,,"{""empty"": true}"
STO-03,full,p0,2,1,systemctl_status,"{""service"": ""ceph-osd""}","{""service"": ""ceph-osd""}",True,empty,,False,False,False,False,,"{""empty"": true}"
STO-03,full,p0,3,1,journalctl_read,"{""service"": ""ceph-mon""}","{""service"": ""ceph-mon""}",True,empty,,False,False,False,False,,"{""empty"": true}"
STO-03,full,p0,4,1,journalctl_read,"{""service"": ""ceph-osd""}","{""service"": ""ceph-osd""}",True,empty,,False,False,False,False,,"{""empty"": true}"
STO-03,full,p0,5,1,grep_search,"{""pattern"": ""stuck"", ""path"": ""/var/log/ceph/""}","{""path"": ""/var/log/ceph/"", ""pattern"": ""stuck""}",True,empty,,False,False,False,False,,"{""empty"": true}"
STO-03,full,p0,6,1,grep_search,"{""pattern"": ""undersized"", ""path"": ""/var/log/ceph/""}","{""path"": ""/var/log/ceph/"", ""pattern"": ""undersized""}",True,empty,,False,False,False,False,,"{""empty"": true}"
STO-03,full,p0,7,2,shell_readonly,"{""command"": ""ceph health detail""}","{""command"": ""ceph health detail""}",True,unsupported_command,,False,False,False,False,,"{""unsupported_command"": true, ""family"": ""ceph""}"
STO-03,full,p0,8,2,shell_readonly,"{""command"": ""ceph pg stat""}","{""command"": ""ceph pg stat""}",True,revealed,E1,True,False,True,True,,"{""revealed"": [{""id"": ""E1"", ""tool"": ""shell_readonly"", ""key"": ""ceph pg stat"", ""text"": ""5 pgs undersized; 1 stuck""}]}"
STO-03,full,p0,9,2,shell_readonly,"{""command"": ""ceph osd tree""}","{""command"": ""ceph osd tree""}",True,unsupported_command,,True,False,False,False,,"{""unsupported_command"": true, ""family"": ""ceph""}"
STO-03,full,p0,10,2,shell_readonly,"{""command"": ""ceph pg dump | grep stuck""}","{""command"": ""ceph pg dump | grep stuck""}",True,unsupported_command,,True,False,False,False,,"{""unsupported_command"": true, ""family"": ""ceph""}"
STO-03,full,p0,11,2,shell_readonly,"{""command"": ""ceph pg dump | grep undersized""}","{""command"": ""ceph pg dump | grep undersized""}",True,unsupported_command,,True,False,False,False,,"{""unsupported_command"": true, ""family"": ""ceph""}"
STO-03,full,p0,12,3,shell_readonly,"{""command"": ""ceph status""}","{""command"": ""ceph status""}",True,unsupported_command,,False,False,False,False,,"{""unsupported_command"": true, ""family"": ""ceph""}"
STO-03,full,p0,13,3,shell_readonly,"{""command"": ""ceph osd status""}","{""command"": ""ceph osd status""}",True,unsupported_command,,False,False,False,False,,"{""unsupported_command"": true, ""family"": ""ceph""}"
STO-03,full,p0,14,3,shell_readonly,"{""command"": ""ceph pg dump | grep -E 'stuck|undersized' | head -n 10""}","{""command"": ""ceph pg dump | grep -E 'stuck|undersized' | head -n 10""}",True,unsupported_command,,False,False,False,False,,"{""unsupported_command"": true, ""family"": ""ceph""}"
STO-03,full,p0,15,3,shell_readonly,"{""command"": ""ceph osd df tree""}","{""command"": ""ceph osd df tree""}",True,unsupported_command,,False,False,False,False,,"{""unsupported_command"": true, ""family"": ""ceph""}"
STO-03,full,p0,16,4,shell_readonly,"{""command"": ""ceph pg dump | grep stuck""}","{""command"": ""ceph pg dump | grep stuck""}",True,duplicate,,False,True,False,False,,"{""duplicate"": true}"
STO-03,full,p0,17,4,shell_readonly,"{""command"": ""ceph pg dump | grep undersized""}","{""command"": ""ceph pg dump | grep undersized""}",True,duplicate,,False,True,False,False,,"{""duplicate"": true}"
STO-03,full,p0,18,4,shell_readonly,"{""command"": ""ceph osd tree""}","{""command"": ""ceph osd tree""}",True,duplicate,,False,True,False,False,,"{""duplicate"": true}"
STO-03,full,p0,19,4,shell_readonly,"{""command"": ""ceph health detail""}","{""command"": ""ceph health detail""}",True,duplicate,,False,True,False,False,,"{""duplicate"": true}"
STO-03,full,p0,20,5,shell_readonly,"{""command"": ""ceph pg dump | grep -E 'stuck|undersized' | head -n 5""}","{""command"": ""ceph pg dump | grep -E 'stuck|undersized' | head -n 5""}",True,unsupported_command,,False,True,False,False,,"{""unsupported_command"": true, ""family"": ""ceph""}"
STO-03,full,p0,21,5,shell_readonly,"{""command"": ""ceph osd df tree""}","{""command"": ""ceph osd df tree""}",True,duplicate,,False,True,False,False,,"{""duplicate"": true}"
STO-03,full,p0,22,5,shell_readonly,"{""command"": ""ceph osd status""}","{""command"": ""ceph osd status""}",True,duplicate,,False,True,False,False,,"{""duplicate"": true}"
STO-03,full,p0,23,5,shell_readonly,"{""command"": ""ceph status""}","{""command"": ""ceph status""}",True,duplicate,,False,True,False,False,,"{""duplicate"": true}"
STO-04,full,p0,1,1,shell_readonly,"{""command"": ""cat /proc/drbd""}","{""command"": ""cat /proc/drbd""}",True,unsupported_command,,False,False,False,False,,"{""unsupported_command"": true, ""family"": ""cat""}"
STO-04,full,p0,2,2,shell_readonly,"{""command"": ""ls -l /proc/drbd""}","{""command"": ""ls -l /proc/drbd""}",True,unsupported_command,,False,False,False,False,,"{""unsupported_command"": true, ""family"": ""ls""}"
STO-04,full,p0,3,3,shell_readonly,"{""command"": ""drbdadm status""}","{""command"": ""drbdadm status""}",True,unsupported_command,,False,False,False,False,,"{""unsupported_command"": true, ""family"": ""drbdadm""}"
STO-05,full,p0,1,1,systemctl_status,"{""service"": ""drbd""}","{""service"": ""drbd""}",True,empty,,False,False,False,False,,"{""empty"": true}"
STO-05,full,p0,2,1,journalctl_read,"{""service"": ""drbd""}","{""service"": ""drbd""}",True,empty,,False,False,False,False,,"{""empty"": true}"
STO-05,full,p0,3,1,shell_readonly,"{""command"": ""cat /proc/drbd""}","{""command"": ""cat /proc/drbd""}",True,unsupported_command,,False,False,False,False,,"{""unsupported_command"": true, ""family"": ""cat""}"
STO-05,full,p0,4,1,shell_readonly,"{""command"": ""grep -r 'split-brain' /var/log/""}","{""command"": ""grep -r 'split-brain' /var/log/""}",True,unsupported_command,,False,False,False,False,,"{""unsupported_command"": true, ""family"": ""grep""}"
STO-05,full,p0,5,2,shell_readonly,"{""command"": ""ls /proc/""}","{""command"": ""ls /proc/""}",True,unsupported_command,,False,False,False,False,,"{""unsupported_command"": true, ""family"": ""ls""}"
STO-05,full,p0,6,2,shell_readonly,"{""command"": ""cat /etc/drbd.conf""}","{""command"": ""cat /etc/drbd.conf""}",True,unsupported_command,,False,False,False,False,,"{""unsupported_command"": true, ""family"": ""cat""}"
STO-05,full,p0,7,2,shell_readonly,"{""command"": ""drbdadm status""}","{""command"": ""drbdadm status""}",True,unsupported_command,,False,False,False,False,,"{""unsupported_command"": true, ""family"": ""drbdadm""}"
STO-05,full,p0,8,2,shell_readonly,"{""command"": ""drbd-overview""}","{""command"": ""drbd-overview""}",True,unsupported_command,,False,False,False,False,,"{""unsupported_command"": true, ""family"": ""drbd-overview""}"
STO-05,full,p0,9,3,shell_readonly,"{""command"": ""which drbdadm""}","{""command"": ""which drbdadm""}",True,unsupported_command,,False,False,False,False,,"{""unsupported_command"": true, ""family"": ""which""}"
STO-05,full,p0,10,3,shell_readonly,"{""command"": ""ls -l /dev/""}","{""command"": ""ls -l /dev/""}",True,unsupported_command,,False,False,False,False,,"{""unsupported_command"": true, ""family"": ""ls""}"
STO-05,full,p0,11,3,shell_readonly,"{""command"": ""find / -name \""*.conf\"" -type f | grep -i drbd""}","{""command"": ""find / -name \""*.conf\"" -type f | grep -i drbd""}",True,unsupported_command,,False,False,False,False,,"{""unsupported_command"": true, ""family"": ""find""}"
STO-05,full,p0,12,3,shell_readonly,"{""command"": ""cat /etc/drbd.d/""}","{""command"": ""cat /etc/drbd.d/""}",True,unsupported_command,,False,False,False,False,,"{""unsupported_command"": true, ""family"": ""cat""}"
STO-06,full,p0,1,1,shell_readonly,"{""command"": ""kubectl get pvc -A""}","{""command"": ""kubectl get pvc -A""}",True,unsupported_command,,False,False,False,False,,"{""unsupported_command"": true, ""family"": ""kubectl""}"
STO-06,full,p0,2,2,kubectl_get,"{""resource"": ""pvc""}","{""resource"": ""pvc""}",True,empty,,False,False,False,False,,"{""empty"": true}"
STO-06,full,p0,3,3,shell_readonly,"{""command"": ""df -h""}","{""command"": ""df -h""}",True,unsupported_command,,False,False,False,False,,"{""unsupported_command"": true, ""family"": ""df""}"
VIR-01,full,p0,1,1,systemctl_status,"{""service"": ""libvirtd""}","{""service"": ""libvirtd""}",True,empty,,False,False,False,False,,"{""empty"": true}"
VIR-01,full,p0,2,2,shell_readonly,"{""command"": ""rpm -qa | grep libvirt""}","{""command"": ""rpm -qa | grep libvirt""}",True,unsupported_command,,False,False,False,False,,"{""unsupported_command"": true, ""family"": ""rpm""}"
VIR-01,full,p0,3,3,shell_readonly,"{""command"": ""dnf list installed | grep libvirt""}","{""command"": ""dnf list installed | grep libvirt""}",True,unsupported_command,,False,False,False,False,,"{""unsupported_command"": true, ""family"": ""dnf""}"
VIR-02,full,p0,1,1,systemctl_status,"{""service"": ""vm.service""}","{""service"": ""vm.service""}",True,empty,,False,False,False,False,,"{""empty"": true}"
VIR-02,full,p0,2,2,journalctl_read,"{""service"": ""system""}","{""service"": ""system""}",True,empty,,False,False,False,False,,"{""empty"": true}"
VIR-02,full,p0,3,3,list_directory,"{""path"": ""/""}","{""path"": ""/""}",True,empty,,False,False,False,False,,"{""empty"": true}"
VIR-03,full,p0,1,1,shell_readonly,"{""command"": ""ip addr show""}","{""command"": ""ip addr show""}",True,unsupported_command,,False,False,False,False,,"{""unsupported_command"": true, ""family"": ""ip""}"
VIR-03,full,p0,2,2,shell_readonly,"{""command"": ""ifconfig -a""}","{""command"": ""ifconfig -a""}",True,unsupported_command,,False,False,False,False,,"{""unsupported_command"": true, ""family"": ""ifconfig""}"
VIR-03,full,p0,3,3,systemctl_status,"{""service"": ""networking""}","{""service"": ""networking""}",True,empty,,False,False,False,False,,"{""empty"": true}"
GIT-01,full,p0,1,1,git_status,"{""repo"": "".""}","{""repo"": "".""}",True,empty,,False,False,False,False,,"{""empty"": true}"
GIT-01,full,p0,2,2,git_log,"{""repo"": "".""}","{""repo"": "".""}",False,empty,,False,False,False,False,,"{""empty"": true}"
GIT-01,full,p0,3,3,shell_readonly,"{""command"": ""ls -la""}","{""command"": ""ls -la""}",True,unsupported_command,,False,False,False,False,,"{""unsupported_command"": true, ""family"": ""ls""}"
GIT-02,full,p0,1,1,git_status,"{""repo"": ""/var/www/html""}","{""repo"": ""/var/www/html""}",True,empty,,False,False,False,False,,"{""empty"": true}"
GIT-02,full,p0,2,2,shell_readonly,"{""command"": ""ls -la /var/www/html""}","{""command"": ""ls -la /var/www/html""}",True,unsupported_command,,False,False,False,False,,"{""unsupported_command"": true, ""family"": ""ls""}"
GIT-02,full,p0,3,3,shell_readonly,"{""command"": ""find /var/www/html -type f -name \""*.php\"" | head -5""}","{""command"": ""find /var/www/html -type f -name \""*.php\"" | head -5""}",True,unsupported_command,,False,False,False,False,,"{""unsupported_command"": true, ""family"": ""find""}"
CI-01,full,p0,1,1,systemctl_status,"{""service"": ""docker""}","{""service"": ""docker""}",True,empty,,False,False,False,False,,"{""empty"": true}"
CI-01,full,p0,2,2,shell_readonly,"{""command"": ""systemctl status docker""}","{""command"": ""systemctl status docker""}",True,unsupported_command,,False,False,False,False,,"{""unsupported_command"": true, ""family"": ""systemctl""}"
CI-01,full,p0,3,3,shell_readonly,"{""command"": ""service docker status""}","{""command"": ""service docker status""}",True,unsupported_command,,False,False,False,False,,"{""unsupported_command"": true, ""family"": ""service""}"
CI-02,full,p0,1,1,systemctl_status,"{""service"": ""jenkins""}","{""service"": ""jenkins""}",True,empty,,False,False,False,False,,"{""empty"": true}"
CI-02,full,p0,2,1,systemctl_status,"{""service"": ""gitlab-runner""}","{""service"": ""gitlab-runner""}",True,empty,,False,False,False,False,,"{""empty"": true}"
CI-02,full,p0,3,1,journalctl_read,"{""service"": ""jenkins""}","{""service"": ""jenkins""}",True,empty,,False,False,False,False,,"{""empty"": true}"
CI-02,full,p0,4,1,journalctl_read,"{""service"": ""gitlab-runner""}","{""service"": ""gitlab-runner""}",True,empty,,False,False,False,False,,"{""empty"": true}"
CI-02,full,p0,5,1,shell_readonly,"{""command"": ""df -h""}","{""command"": ""df -h""}",True,unsupported_command,,False,False,False,False,,"{""unsupported_command"": true, ""family"": ""df""}"
CI-02,full,p0,6,1,shell_readonly,"{""command"": ""free -h""}","{""command"": ""free -h""}",True,unsupported_command,,False,False,False,False,,"{""unsupported_command"": true, ""family"": ""free""}"
CI-02,full,p0,7,2,shell_readonly,"{""command"": ""ps aux | grep -E '(jenkins|gitlab|pipeline|test)'""}","{""command"": ""ps aux | grep -E '(jenkins|gitlab|pipeline|test)'""}",True,unsupported_command,,False,False,False,False,,"{""unsupported_command"": true, ""family"": ""ps""}"
CI-02,full,p0,8,3,shell_readonly,"{""command"": ""kubectl get pods --all-namespaces""}","{""command"": ""kubectl get pods --all-namespaces""}",True,unsupported_command,,False,False,False,False,,"{""unsupported_command"": true, ""family"": ""kubectl""}"
CI-03,full,p0,1,1,git_status,"{""repo"": "".""}","{""repo"": "".""}",True,empty,,False,False,False,False,,"{""empty"": true}"
CI-03,full,p0,2,1,git_diff,"{""repo"": "".""}","{""repo"": "".""}",True,empty,,False,False,False,False,,"{""empty"": true}"
CI-03,full,p0,3,1,systemctl_status,"{""service"": ""docker""}","{""service"": ""docker""}",True,empty,,False,False,False,False,,"{""empty"": true}"
CI-03,full,p0,4,1,systemctl_status,"{""service"": ""kubelet""}","{""service"": ""kubelet""}",True,empty,,False,False,False,False,,"{""empty"": true}"
CI-03,full,p0,5,1,journalctl_read,"{""service"": ""docker""}","{""service"": ""docker""}",True,empty,,False,False,False,False,,"{""empty"": true}"
CI-03,full,p0,6,1,journalctl_read,"{""service"": ""kubelet""}","{""service"": ""kubelet""}",True,empty,,False,False,False,False,,"{""empty"": true}"
CI-03,full,p0,7,1,kubectl_get,"{""resource"": ""pods"", ""namespace"": ""default""}","{""namespace"": ""default"", ""resource"": ""pods""}",True,empty,,False,False,False,False,,"{""empty"": true}"
CI-03,full,p0,8,1,kubectl_get,"{""resource"": ""nodes"", ""namespace"": ""default""}","{""namespace"": ""default"", ""resource"": ""nodes""}",True,empty,,False,False,False,False,,"{""empty"": true}"
CI-03,full,p0,9,1,shell_readonly,"{""command"": ""df -h""}","{""command"": ""df -h""}",True,unsupported_command,,False,False,False,False,,"{""unsupported_command"": true, ""family"": ""df""}"
CI-03,full,p0,10,1,shell_readonly,"{""command"": ""free -m""}","{""command"": ""free -m""}",True,unsupported_command,,False,False,False,False,,"{""unsupported_command"": true, ""family"": ""free""}"
CI-03,full,p0,11,2,shell_readonly,"{""command"": ""ls -la""}","{""command"": ""ls -la""}",True,unsupported_command,,False,False,False,False,,"{""unsupported_command"": true, ""family"": ""ls""}"
CI-03,full,p0,12,2,list_directory,"{""path"": "".""}","{""path"": "".""}",True,empty,,False,False,False,False,,"{""empty"": true}"
CI-03,full,p0,13,2,read_file,"{""path"": ""README.md""}","{""path"": ""README.md""}",True,not_found,,False,False,False,False,,"{""not_found"": true}"
CI-03,full,p0,14,2,read_file,"{""path"": ""Dockerfile""}","{""path"": ""Dockerfile""}",True,not_found,,False,False,False,False,,"{""not_found"": true}"
CI-03,full,p0,15,2,read_file,"{""path"": ""deployment.yaml""}","{""path"": ""deployment.yaml""}",True,not_found,,False,False,False,False,,"{""not_found"": true}"
CI-03,full,p0,16,2,grep_search,"{""pattern"": ""deploy"", ""path"": "".""}","{""path"": ""."", ""pattern"": ""deploy""}",True,empty,,False,False,False,False,,"{""empty"": true}"
CI-03,full,p0,17,2,grep_search,"{""pattern"": ""error"", ""path"": "".""}","{""path"": ""."", ""pattern"": ""error""}",True,empty,,False,False,False,False,,"{""empty"": true}"
CI-03,full,p0,18,2,shell_readonly,"{""command"": ""cat /etc/os-release""}","{""command"": ""cat /etc/os-release""}",True,unsupported_command,,False,False,False,False,,"{""unsupported_command"": true, ""family"": ""cat""}"
CI-03,full,p0,19,2,shell_readonly,"{""command"": ""uname -a""}","{""command"": ""uname -a""}",True,unsupported_command,,False,False,False,False,,"{""unsupported_command"": true, ""family"": ""uname""}"
CI-03,full,p0,20,2,shell_readonly,"{""command"": ""whoami""}","{""command"": ""whoami""}",True,unsupported_command,,False,False,False,False,,"{""unsupported_command"": true, ""family"": ""whoami""}"
CI-03,full,p0,21,3,shell_readonly,"{""command"": ""pwd && echo \""Current directory contents:\""""}","{""command"": ""pwd && echo \""Current directory contents:\""""}",True,unsupported_command,,False,False,False,False,,"{""unsupported_command"": true, ""family"": ""pwd""}"
CI-03,full,p0,22,3,shell_readonly,"{""command"": ""find . -type f -name \""*.yaml\"" -o -name \""*.yml\"" | head -10""}","{""command"": ""find . -type f -name \""*.yaml\"" -o -name \""*.yml\"" | head -10""}",True,unsupported_command,,False,False,False,False,,"{""unsupported_command"": true, ""family"": ""find""}"
CI-03,full,p0,23,3,shell_readonly,"{""command"": ""find . -type f -name \""Dockerfile\"" | head -5""}","{""command"": ""find . -type f -name \""Dockerfile\"" | head -5""}",True,unsupported_command,,False,False,False,False,,"{""unsupported_command"": true, ""family"": ""find""}"
CI-03,full,p0,24,3,shell_readonly,"{""command"": ""kubectl get pods --all-namespaces""}","{""command"": ""kubectl get pods --all-namespaces""}",True,unsupported_command,,False,False,False,False,,"{""unsupported_command"": true, ""family"": ""kubectl""}"
CI-03,full,p0,25,3,shell_readonly,"{""command"": ""kubectl get nodes""}","{""command"": ""kubectl get nodes""}",True,unsupported_command,,False,False,False,False,,"{""unsupported_command"": true, ""family"": ""kubectl""}"
CI-03,full,p0,26,3,shell_readonly,"{""command"": ""kubectl cluster-info""}","{""command"": ""kubectl cluster-info""}",True,unsupported_command,,False,False,False,False,,"{""unsupported_command"": true, ""family"": ""kubectl""}"
CI-03,full,p0,27,3,shell_readonly,"{""command"": ""kubectl version""}","{""command"": ""kubectl version""}",True,unsupported_command,,False,False,False,False,,"{""unsupported_command"": true, ""family"": ""kubectl""}"
CI-03,full,p0,28,3,shell_readonly,"{""command"": ""docker info""}","{""command"": ""docker info""}",True,unsupported_command,,False,False,False,False,,"{""unsupported_command"": true, ""family"": ""docker""}"
CI-03,full,p0,29,3,shell_readonly,"{""command"": ""docker ps -a""}","{""command"": ""docker ps -a""}",True,unsupported_command,,False,False,False,False,,"{""unsupported_command"": true, ""family"": ""docker""}"
CI-03,full,p0,30,3,shell_readonly,"{""command"": ""docker images""}","{""command"": ""docker images""}",True,unsupported_command,,False,False,False,False,,"{""unsupported_command"": true, ""family"": ""docker""}"
COD-01,full,p0,1,1,shell_readonly,"{""command"": ""ls -ld /etc/app""}","{""command"": ""ls -ld /etc/app""}",True,unsupported_command,,False,False,False,False,,"{""unsupported_command"": true, ""family"": ""ls""}"
COD-01,full,p0,2,2,shell_readonly,"{""command"": ""stat /etc/app""}","{""command"": ""stat /etc/app""}",True,unsupported_command,,False,False,False,False,,"{""unsupported_command"": true, ""family"": ""stat""}"
COD-01,full,p0,3,3,shell_readonly,"{""command"": ""ls -la /etc/ | grep app""}","{""command"": ""ls -la /etc/ | grep app""}",True,unsupported_command,,False,False,False,False,,"{""unsupported_command"": true, ""family"": ""ls""}"
COD-02,full,p0,1,1,shell_readonly,"{""command"": ""ls -l /var/log/""}","{""command"": ""ls -l /var/log/""}",True,unsupported_command,,False,False,False,False,,"{""unsupported_command"": true, ""family"": ""ls""}"
COD-02,full,p0,2,2,systemctl_status,"{""service"": ""python3""}","{""service"": ""python3""}",True,empty,,False,False,False,False,,"{""empty"": true}"
COD-02,full,p0,3,3,shell_readonly,"{""command"": ""ps aux | grep python""}","{""command"": ""ps aux | grep python""}",True,unsupported_command,,False,False,False,False,,"{""unsupported_command"": true, ""family"": ""ps""}"
COD-03,full,p0,1,1,shell_readonly,"{""command"": ""jq --version""}","{""command"": ""jq --version""}",True,unsupported_command,,False,False,False,False,,"{""unsupported_command"": true, ""family"": ""jq""}"
COD-03,full,p0,2,2,list_directory,"{""path"": ""/""}","{""path"": ""/""}",True,empty,,False,False,False,False,,"{""empty"": true}"
COD-03,full,p0,3,3,shell_readonly,"{""command"": ""echo '{\""metadata\"": {\""name\"": \""test-pod\""}}' > test.json""}","{""command"": ""echo '{\""metadata\"": {\""name\"": \""test-pod\""}}' > test.json""}",True,unsupported_command,,False,False,False,False,,"{""unsupported_command"": true, ""family"": ""echo""}"
COD-04,full,p0,1,1,shell_readonly,"{""command"": ""find / -type f -name \""*.yml\"" 2>/dev/null | head -10""}","{""command"": ""find / -type f -name \""*.yml\"" 2>/dev/null | head -10""}",True,unsupported_command,,False,False,False,False,,"{""unsupported_command"": true, ""family"": ""find""}"
COD-04,full,p0,2,2,list_directory,"{""path"": ""/""}","{""path"": ""/""}",True,empty,,False,False,False,False,,"{""empty"": true}"
COD-04,full,p0,3,3,shell_readonly,"{""command"": ""ls -la /home""}","{""command"": ""ls -la /home""}",True,unsupported_command,,False,False,False,False,,"{""unsupported_command"": true, ""family"": ""ls""}"
COD-05,full,p0,1,1,shell_readonly,"{""command"": ""ls -la""}","{""command"": ""ls -la""}",True,unsupported_command,,False,False,False,False,,"{""unsupported_command"": true, ""family"": ""ls""}"
COD-05,full,p0,2,2,list_directory,"{""path"": "".""}","{""path"": "".""}",True,empty,,False,False,False,False,,"{""empty"": true}"
COD-05,full,p0,3,3,shell_readonly,"{""command"": ""find . -type f -name \""*.json\"" | head -10""}","{""command"": ""find . -type f -name \""*.json\"" | head -10""}",True,unsupported_command,,False,False,False,False,,"{""unsupported_command"": true, ""family"": ""find""}"
COD-06,full,p0,1,1,list_directory,"{""path"": "".""}","{""path"": "".""}",True,empty,,False,False,False,False,,"{""empty"": true}"
SEC-01,full,p0,1,1,systemctl_status,"{""service"": ""ssh""}","{""service"": ""ssh""}",True,empty,,False,False,False,False,,"{""empty"": true}"
SEC-01,full,p0,2,2,shell_readonly,"{""command"": ""systemctl status sshd""}","{""command"": ""systemctl status sshd""}",True,unsupported_command,,False,False,False,False,,"{""unsupported_command"": true, ""family"": ""systemctl""}"
SEC-01,full,p0,3,3,shell_readonly,"{""command"": ""grep sshd /var/log/auth.log | tail -n 20""}","{""command"": ""grep sshd /var/log/auth.log | tail -n 20""}",True,unsupported_command,,False,False,False,False,,"{""unsupported_command"": true, ""family"": ""grep""}"
SEC-02,full,p0,1,1,list_directory,"{""path"": ""/""}","{""path"": ""/""}",True,empty,,False,False,False,False,,"{""empty"": true}"
SEC-02,full,p0,2,2,shell_readonly,"{""command"": ""find / -type f -name \""*.yaml\"" -o -name \""*.yml\"" -o -name \""Dockerfile\"" -o -name \""docker-compose.yml\"" 2>/dev/null | head -20""}","{""command"": ""find / -type f -name \""*.yaml\"" -o -name \""*.yml\"" -o -name \""Dockerfile\"" -o -name \""docker-compose.yml\"" 2>/dev/null | head -20""}",True,unsupported_command,,False,False,False,False,,"{""unsupported_command"": true, ""family"": ""find""}"
SEC-02,full,p0,3,3,shell_readonly,"{""command"": ""ls -la /etc/ 2>/dev/null | grep -E \""(docker|container)\""""}","{""command"": ""ls -la /etc/ 2>/dev/null | grep -E \""(docker|container)\""""}",True,unsupported_command,,False,False,False,False,,"{""unsupported_command"": true, ""family"": ""ls""}"
SEC-03,full,p0,1,1,systemctl_status,"{""service"": ""nginx""}","{""service"": ""nginx""}",True,empty,,False,False,False,False,,"{""empty"": true}"
SEC-03,full,p0,2,1,systemctl_status,"{""service"": ""apache2""}","{""service"": ""apache2""}",True,empty,,False,False,False,False,,"{""empty"": true}"
SEC-03,full,p0,3,1,shell_readonly,"{""command"": ""netstat -tuln | grep -E '(80|443)'""}","{""command"": ""netstat -tuln | grep -E '(80|443)'""}",True,unsupported_command,,False,False,False,False,,"{""unsupported_command"": true, ""family"": ""netstat""}"
SEC-03,full,p0,4,1,shell_readonly,"{""command"": ""ps aux | grep -i admin""}","{""command"": ""ps aux | grep -i admin""}",True,unsupported_command,,False,False,False,False,,"{""unsupported_command"": true, ""family"": ""ps""}"
SEC-03,full,p0,5,1,list_directory,"{""path"": ""/""}","{""path"": ""/""}",True,empty,,False,False,False,False,,"{""empty"": true}"
SEC-03,full,p0,6,2,shell_readonly,"{""command"": ""ss -tuln | grep -E '(80|443)'""}","{""command"": ""ss -tuln | grep -E '(80|443)'""}",True,unsupported_command,,False,False,False,False,,"{""unsupported_command"": true, ""family"": ""ss""}"
SEC-03,full,p0,7,3,shell_readonly,"{""command"": ""ls -la /etc/ | grep -E \""(nginx|apache|httpd)\""""}","{""command"": ""ls -la /etc/ | grep -E \""(nginx|apache|httpd)\""""}",True,unsupported_command,,False,False,False,False,,"{""unsupported_command"": true, ""family"": ""ls""}"
SEC-04,full,p0,1,1,git_status,"{""repo"": "".""}","{""repo"": "".""}",True,empty,,False,False,False,False,,"{""empty"": true}"
SEC-04,full,p0,2,2,shell_readonly,"{""command"": ""pwd && ls -la""}","{""command"": ""pwd && ls -la""}",True,unsupported_command,,False,False,False,False,,"{""unsupported_command"": true, ""family"": ""pwd""}"
SEC-04,full,p0,3,3,shell_readonly,"{""command"": ""ls -la""}","{""command"": ""ls -la""}",True,unsupported_command,,False,False,False,False,,"{""unsupported_command"": true, ""family"": ""ls""}"
X-01,full,p0,1,1,kubectl_get,"{""resource"": ""pods""}","{""resource"": ""pods""}",True,empty,,False,False,False,False,,"{""empty"": true}"
X-01,full,p0,2,2,kubectl_get,"{""resource"": ""pods"", ""namespace"": ""default""}","{""namespace"": ""default"", ""resource"": ""pods""}",True,empty,,False,False,False,False,,"{""empty"": true}"
X-01,full,p0,3,3,kubectl_get,"{""resource"": ""pods"", ""namespace"": ""kube-system""}","{""namespace"": ""kube-system"", ""resource"": ""pods""}",True,empty,,False,False,False,False,,"{""empty"": true}"
X-02,full,p0,1,1,systemctl_status,"{""service"": ""nginx""}","{""service"": ""nginx""}",True,empty,,False,False,False,False,,"{""empty"": true}"
X-02,full,p0,2,1,systemctl_status,"{""service"": ""kubelet""}","{""service"": ""kubelet""}",True,empty,,False,False,False,False,,"{""empty"": true}"
X-02,full,p0,3,1,journalctl_read,"{""service"": ""nginx""}","{""service"": ""nginx""}",True,empty,,False,False,False,False,,"{""empty"": true}"
X-02,full,p0,4,1,journalctl_read,"{""service"": ""kubelet""}","{""service"": ""kubelet""}",True,empty,,False,False,False,False,,"{""empty"": true}"
X-02,full,p0,5,1,shell_readonly,"{""command"": ""ls -la /etc/ssl/certs/""}","{""command"": ""ls -la /etc/ssl/certs/""}",True,unsupported_command,,False,False,False,False,,"{""unsupported_command"": true, ""family"": ""ls""}"
X-02,full,p0,6,1,shell_readonly,"{""command"": ""find /etc/ssl -name \""*.crt\"" -o -name \""*.pem\"" | head -20""}","{""command"": ""find /etc/ssl -name \""*.crt\"" -o -name \""*.pem\"" | head -20""}",True,unsupported_command,,False,False,False,False,,"{""unsupported_command"": true, ""family"": ""find""}"
X-02,full,p0,7,2,shell_readonly,"{""command"": ""ls -la /etc/ssl/""}","{""command"": ""ls -la /etc/ssl/""}",True,unsupported_command,,False,False,False,False,,"{""unsupported_command"": true, ""family"": ""ls""}"
X-02,full,p0,8,3,kubectl_get,"{""resource"": ""pods""}","{""resource"": ""pods""}",True,empty,,False,False,False,False,,"{""empty"": true}"
X-03,full,p0,1,1,shell_readonly,"{""command"": ""df -h""}","{""command"": ""df -h""}",True,revealed,E1,True,False,True,True,,"{""revealed"": [{""id"": ""E1"", ""tool"": ""shell_readonly"", ""key"": ""df -h"", ""text"": ""/var/lib 100%""}]}"
X-03,full,p0,2,2,shell_readonly,"{""command"": ""du -sh /var/lib/*""}","{""command"": ""du -sh /var/lib/*""}",True,unsupported_command,,False,False,False,False,,"{""unsupported_command"": true, ""family"": ""du""}"
X-03,full,p0,3,3,shell_readonly,"{""command"": ""ls -la /var/lib/""}","{""command"": ""ls -la /var/lib/""}",True,unsupported_command,,False,False,False,False,,"{""unsupported_command"": true, ""family"": ""ls""}"
X-03,full,p0,4,4,systemctl_status,"{""service"": ""postgresql""}","{""service"": ""postgresql""}",True,empty,,False,False,False,False,,"{""empty"": true}"
X-04,full,p0,1,1,kubectl_get,"{""resource"": ""svc"", ""namespace"": ""kube-system""}","{""namespace"": ""kube-system"", ""resource"": ""svc""}",True,empty,,False,False,False,False,,"{""empty"": true}"
X-04,full,p0,2,2,shell_readonly,"{""command"": ""kubectl get svc -n kube-system""}","{""command"": ""kubectl get svc -n kube-system""}",True,unsupported_command,,False,False,False,False,,"{""unsupported_command"": true, ""family"": ""kubectl""}"
X-04,full,p0,3,3,kubectl_get,"{""resource"": ""services"", ""namespace"": ""kube-system""}","{""namespace"": ""kube-system"", ""resource"": ""services""}",True,empty,,False,False,False,False,,"{""empty"": true}"
LIN-01,routed,p0,1,1,systemctl_status,"{""service"": ""nginx""}","{""service"": ""nginx""}",True,revealed,E1,True,False,True,True,,"{""revealed"": [{""id"": ""E1"", ""tool"": ""systemctl_status"", ""key"": ""nginx"", ""text"": ""nginx.service failed; Active: failed""}]}"
LIN-01,routed,p0,2,1,journalctl_read,"{""service"": ""nginx""}","{""service"": ""nginx""}",True,revealed,E2,True,False,True,True,,"{""revealed"": [{""id"": ""E2"", ""tool"": ""journalctl_read"", ""key"": ""nginx"", ""text"": ""nginx: [emerg] bind() to 0.0.0.0:80 failed (98: Address already in use)""}]}"
LIN-02,routed,p0,1,1,shell_readonly,"{""command"": ""df -h""}","{""command"": ""df -h""}",True,revealed,E1,True,False,True,True,,"{""revealed"": [{""id"": ""E1"", ""tool"": ""shell_readonly"", ""key"": ""df -h"", ""text"": ""/var 100% used""}]}"
LIN-02,routed,p0,2,2,shell_readonly,"{""command"": ""du -sh /var/*""}","{""command"": ""du -sh /var/*""}",True,revealed,E2,True,False,True,True,,"{""revealed"": [{""id"": ""E2"", ""tool"": ""shell_readonly"", ""key"": ""du -sh /var/*"", ""text"": ""/var/log 48G""}]}"
LIN-03,routed,p0,1,1,shell_readonly,"{""command"": ""ls -l /etc/cron.d/""}","{""command"": ""ls -l /etc/cron.d/""}",True,unsupported_command,,False,False,False,False,,"{""unsupported_command"": true, ""family"": ""ls""}"
LIN-03,routed,p0,2,1,shell_readonly,"{""command"": ""ls -l /etc/cron.hourly/""}","{""command"": ""ls -l /etc/cron.hourly/""}",True,unsupported_command,,False,False,False,False,,"{""unsupported_command"": true, ""family"": ""ls""}"
LIN-03,routed,p0,3,1,shell_readonly,"{""command"": ""ls -l /etc/cron.daily/""}","{""command"": ""ls -l /etc/cron.daily/""}",True,unsupported_command,,False,False,False,False,,"{""unsupported_command"": true, ""family"": ""ls""}"
LIN-03,routed,p0,4,1,shell_readonly,"{""command"": ""ls -l /etc/cron.weekly/""}","{""command"": ""ls -l /etc/cron.weekly/""}",True,unsupported_command,,False,False,False,False,,"{""unsupported_command"": true, ""family"": ""ls""}"
LIN-03,routed,p0,5,1,shell_readonly,"{""command"": ""ls -l /etc/cron.monthly/""}","{""command"": ""ls -l /etc/cron.monthly/""}",True,unsupported_command,,False,False,False,False,,"{""unsupported_command"": true, ""family"": ""ls""}"
LIN-03,routed,p0,6,1,shell_readonly,"{""command"": ""ls -l /var/spool/cron/""}","{""command"": ""ls -l /var/spool/cron/""}",True,unsupported_command,,False,False,False,False,,"{""unsupported_command"": true, ""family"": ""ls""}"
LIN-03,routed,p0,7,1,shell_readonly,"{""command"": ""ls -l /var/spool/cron/crontabs/""}","{""command"": ""ls -l /var/spool/cron/crontabs/""}",True,unsupported_command,,False,False,False,False,,"{""unsupported_command"": true, ""family"": ""ls""}"
LIN-03,routed,p0,8,2,shell_readonly,"{""command"": ""ls -la /etc/cron.d/""}","{""command"": ""ls -la /etc/cron.d/""}",True,unsupported_command,,False,False,False,False,,"{""unsupported_command"": true, ""family"": ""ls""}"
LIN-03,routed,p0,9,2,shell_readonly,"{""command"": ""ls -la /etc/cron.hourly/""}","{""command"": ""ls -la /etc/cron.hourly/""}",True,unsupported_command,,False,False,False,False,,"{""unsupported_command"": true, ""family"": ""ls""}"
LIN-03,routed,p0,10,2,shell_readonly,"{""command"": ""ls -la /etc/cron.daily/""}","{""command"": ""ls -la /etc/cron.daily/""}",True,unsupported_command,,False,False,False,False,,"{""unsupported_command"": true, ""family"": ""ls""}"
LIN-03,routed,p0,11,2,shell_readonly,"{""command"": ""ls -la /etc/cron.weekly/""}","{""command"": ""ls -la /etc/cron.weekly/""}",True,unsupported_command,,False,False,False,False,,"{""unsupported_command"": true, ""family"": ""ls""}"
LIN-03,routed,p0,12,2,shell_readonly,"{""command"": ""ls -la /etc/cron.monthly/""}","{""command"": ""ls -la /etc/cron.monthly/""}",True,unsupported_command,,False,False,False,False,,"{""unsupported_command"": true, ""family"": ""ls""}"
LIN-03,routed,p0,13,2,shell_readonly,"{""command"": ""ls -la /var/spool/cron/""}","{""command"": ""ls -la /var/spool/cron/""}",True,unsupported_command,,False,False,False,False,,"{""unsupported_command"": true, ""family"": ""ls""}"
LIN-03,routed,p0,14,2,shell_readonly,"{""command"": ""ls -la /var/spool/cron/crontabs/""}","{""command"": ""ls -la /var/spool/cron/crontabs/""}",True,unsupported_command,,False,False,False,False,,"{""unsupported_command"": true, ""family"": ""ls""}"
LIN-03,routed,p0,15,3,shell_readonly,"{""command"": ""cat /etc/crontab""}","{""command"": ""cat /etc/crontab""}",True,unsupported_command,,False,False,False,False,,"{""unsupported_command"": true, ""family"": ""cat""}"
LIN-03,routed,p0,16,3,shell_readonly,"{""command"": ""grep -r \""2AM\"" /etc/cron.d/ 2>/dev/null || echo \""No 2AM jobs found in /etc/cron.d/\""""}","{""command"": ""grep -r \""2AM\"" /etc/cron.d/ 2>/dev/null || echo \""No 2AM jobs found in /etc/cron.d/\""""}",True,unsupported_command,,False,False,False,False,,"{""unsupported_command"": true, ""family"": ""grep""}"
LIN-03,routed,p0,17,3,shell_readonly,"{""command"": ""grep -r \""0 2\"" /etc/cron.d/ 2>/dev/null || echo \""No 2AM jobs found in /etc/cron.d/\""""}","{""command"": ""grep -r \""0 2\"" /etc/cron.d/ 2>/dev/null || echo \""No 2AM jobs found in /etc/cron.d/\""""}",True,unsupported_command,,False,False,False,False,,"{""unsupported_command"": true, ""family"": ""grep""}"
LIN-03,routed,p0,18,3,shell_readonly,"{""command"": ""grep -r \""0 2\"" /etc/cron.hourly/ 2>/dev/null || echo \""No 2AM jobs found in /etc/cron.hourly/\""""}","{""command"": ""grep -r \""0 2\"" /etc/cron.hourly/ 2>/dev/null || echo \""No 2AM jobs found in /etc/cron.hourly/\""""}",True,unsupported_command,,False,False,False,False,,"{""unsupported_command"": true, ""family"": ""grep""}"
LIN-03,routed,p0,19,3,shell_readonly,"{""command"": ""grep -r \""0 2\"" /etc/cron.daily/ 2>/dev/null || echo \""No 2AM jobs found in /etc/cron.daily/\""""}","{""command"": ""grep -r \""0 2\"" /etc/cron.daily/ 2>/dev/null || echo \""No 2AM jobs found in /etc/cron.daily/\""""}",True,unsupported_command,,False,False,False,False,,"{""unsupported_command"": true, ""family"": ""grep""}"
LIN-03,routed,p0,20,3,shell_readonly,"{""command"": ""grep -r \""0 2\"" /etc/cron.weekly/ 2>/dev/null || echo \""No 2AM jobs found in /etc/cron.weekly/\""""}","{""command"": ""grep -r \""0 2\"" /etc/cron.weekly/ 2>/dev/null || echo \""No 2AM jobs found in /etc/cron.weekly/\""""}",True,unsupported_command,,False,False,False,False,,"{""unsupported_command"": true, ""family"": ""grep""}"
LIN-03,routed,p0,21,3,shell_readonly,"{""command"": ""grep -r \""0 2\"" /etc/cron.monthly/ 2>/dev/null || echo \""No 2AM jobs found in /etc/cron.monthly/\""""}","{""command"": ""grep -r \""0 2\"" /etc/cron.monthly/ 2>/dev/null || echo \""No 2AM jobs found in /etc/cron.monthly/\""""}",True,unsupported_command,,False,False,False,False,,"{""unsupported_command"": true, ""family"": ""grep""}"
LIN-04,routed,p0,1,1,systemctl_status,"{""service"": ""app""}","{""service"": ""app""}",True,revealed,E1,True,False,True,True,,"{""revealed"": [{""id"": ""E1"", ""tool"": ""systemctl_status"", ""key"": ""app"", ""text"": ""app.service: activating (auto-restart)""}]}"
LIN-04,routed,p0,2,1,journalctl_read,"{""service"": ""app""}","{""service"": ""app""}",True,revealed,E2,True,False,True,True,,"{""revealed"": [{""id"": ""E2"", ""tool"": ""journalctl_read"", ""key"": ""app"", ""text"": ""app: out of memory: Killed process""}]}"
LIN-05,routed,p0,1,1,systemctl_status,"{""service"": ""worker.service""}","{""service"": ""worker.service""}",True,revealed,E1,True,False,True,True,,"{""revealed"": [{""id"": ""E1"", ""tool"": ""systemctl_status"", ""key"": ""worker"", ""text"": ""worker.service failed; Result: exit-code""}]}"
LIN-05,routed,p0,2,2,journalctl_read,"{""service"": ""worker.service""}","{""service"": ""worker.service""}",True,revealed,E2,True,False,True,True,,"{""revealed"": [{""id"": ""E2"", ""tool"": ""journalctl_read"", ""key"": ""worker"", ""text"": ""worker: ImportError: No module named 'requests'""}]}"
NET-01,routed,p0,1,1,dns_lookup,"{""hostname"": ""api.internal.example.com""}","{""hostname"": ""api.internal.example.com""}",True,revealed,E1,True,False,True,True,,"{""revealed"": [{""id"": ""E1"", ""tool"": ""dns_lookup"", ""key"": ""api.internal.example.com"", ""text"": ""NXDOMAIN""}]}"
NET-02,routed,p0,1,1,http_get,"{""url"": ""https://expired.badssl.com/""}","{""url"": ""https://expired.badssl.com/""}",True,not_found,,False,False,False,False,,"{""not_found"": true}"
NET-04,routed,p0,1,1,dns_lookup,"{""hostname"": ""db.internal""}","{""hostname"": ""db.internal""}",True,revealed,E1,True,False,True,True,,"{""revealed"": [{""id"": ""E1"", ""tool"": ""dns_lookup"", ""key"": ""db.internal"", ""text"": ""10.9.9.9 (expected 10.0.0.10)""}]}"
NET-04,routed,p0,2,2,http_get,"{""url"": ""http://10.0.0.10""}","{""url"": ""http://10.0.0.10""}",True,not_found,,False,False,False,False,,"{""not_found"": true}"
NET-04,routed,p0,3,3,dns_lookup,"{""hostname"": ""db.internal""}","{""hostname"": ""db.internal""}",True,duplicate,,False,True,False,False,,"{""duplicate"": true}"
NET-04,routed,p0,4,4,http_get,"{""url"": ""http://10.9.9.9""}","{""url"": ""http://10.9.9.9""}",True,not_found,,False,True,False,False,,"{""not_found"": true}"
K8S-01,routed,p0,1,1,kubectl_get,"{""resource"": ""pods"", ""namespace"": ""prod""}","{""namespace"": ""prod"", ""resource"": ""pods""}",True,revealed,E1,True,False,True,True,,"{""revealed"": [{""id"": ""E1"", ""tool"": ""kubectl_get"", ""key"": ""pods"", ""text"": ""web 0/1 CrashLoopBackOff""}]}"
K8S-01,routed,p0,2,2,kubectl_describe,"{""pod"": ""web"", ""namespace"": ""prod""}","{""namespace"": ""prod"", ""pod"": ""web""}",True,revealed,E2,True,False,True,True,,"{""revealed"": [{""id"": ""E2"", ""tool"": ""kubectl_describe"", ""key"": ""web"", ""text"": ""Exit Code 1; Liveness HTTP 500""}]}"
K8S-01,routed,p0,3,3,kubectl_logs,"{""pod"": ""web"", ""namespace"": ""prod""}","{""namespace"": ""prod"", ""pod"": ""web""}",True,revealed,E3,True,False,True,True,,"{""revealed"": [{""id"": ""E3"", ""tool"": ""kubectl_logs"", ""key"": ""web"", ""text"": ""panic: dial tcp 10.0.0.10:5432: connection refused""}]}"
K8S-02,routed,p0,1,1,kubectl_get,"{""resource"": ""pods""}","{""resource"": ""pods""}",True,revealed,E1,True,False,True,True,,"{""revealed"": [{""id"": ""E1"", ""tool"": ""kubectl_get"", ""key"": ""pods"", ""text"": ""api 0/1 Pending""}]}"
K8S-02,routed,p0,2,2,kubectl_describe,"{""pod"": ""api""}","{""pod"": ""api""}",True,revealed,E2,True,False,True,True,,"{""revealed"": [{""id"": ""E2"", ""tool"": ""kubectl_describe"", ""key"": ""api"", ""text"": ""0/2 nodes available: insufficient cpu""}]}"
K8S-03,routed,p0,1,1,kubectl_get,"{""resource"": ""pods""}","{""resource"": ""pods""}",True,empty,,False,False,False,False,,"{""empty"": true}"
K8S-03,routed,p0,2,2,kubectl_get,"{""resource"": ""pods"", ""namespace"": ""default""}","{""namespace"": ""default"", ""resource"": ""pods""}",True,empty,,False,False,False,False,,"{""empty"": true}"
K8S-03,routed,p0,3,3,kubectl_get,"{""resource"": ""deployments""}","{""resource"": ""deployments""}",True,empty,,False,False,False,False,,"{""empty"": true}"
K8S-04,routed,p0,1,1,kubectl_get,"{""resource"": ""pods""}","{""resource"": ""pods""}",True,empty,,False,False,False,False,,"{""empty"": true}"
K8S-04,routed,p0,2,2,kubectl_get,"{""resource"": ""pods"", ""namespace"": ""default""}","{""namespace"": ""default"", ""resource"": ""pods""}",True,empty,,False,False,False,False,,"{""empty"": true}"
K8S-04,routed,p0,3,3,shell_readonly,"{""command"": ""kubectl get pods -A""}","{""command"": ""kubectl get pods -A""}",True,unsupported_command,,False,False,False,False,,"{""unsupported_command"": true, ""family"": ""kubectl""}"
K8S-05,routed,p0,1,1,systemctl_status,"{""service"": ""backend""}","{""service"": ""backend""}",True,empty,,False,False,False,False,,"{""empty"": true}"
K8S-05,routed,p0,2,1,journalctl_read,"{""service"": ""backend""}","{""service"": ""backend""}",True,empty,,False,False,False,False,,"{""empty"": true}"
K8S-05,routed,p0,3,1,shell_readonly,"{""command"": ""curl -v http://localhost:8080/health""}","{""command"": ""curl -v http://localhost:8080/health""}",True,unsupported_command,,False,False,False,False,,"{""unsupported_command"": true, ""family"": ""curl""}"
K8S-05,routed,p0,4,2,shell_readonly,"{""command"": ""netstat -tuln | grep 8080""}","{""command"": ""netstat -tuln | grep 8080""}",True,unsupported_command,,False,False,False,False,,"{""unsupported_command"": true, ""family"": ""netstat""}"
K8S-05,routed,p0,5,2,shell_readonly,"{""command"": ""ps aux | grep backend""}","{""command"": ""ps aux | grep backend""}",True,unsupported_command,,False,False,False,False,,"{""unsupported_command"": true, ""family"": ""ps""}"
K8S-06,routed,p0,1,1,kubectl_get,"{""resource"": ""pods""}","{""resource"": ""pods""}",True,empty,,False,False,False,False,,"{""empty"": true}"
K8S-06,routed,p0,2,2,kubectl_get,"{""resource"": ""pvc""}","{""resource"": ""pvc""}",True,empty,,False,False,False,False,,"{""empty"": true}"
K8S-06,routed,p0,3,3,kubectl_get,"{""resource"": ""pods"", ""namespace"": ""default""}","{""namespace"": ""default"", ""resource"": ""pods""}",True,empty,,False,False,False,False,,"{""empty"": true}"
K8S-07,routed,p0,1,1,kubectl_get,"{""resource"": ""pods""}","{""resource"": ""pods""}",True,empty,,False,False,False,False,,"{""empty"": true}"
K8S-07,routed,p0,2,2,kubectl_get,"{""resource"": ""pods"", ""namespace"": ""default""}","{""namespace"": ""default"", ""resource"": ""pods""}",True,empty,,False,False,False,False,,"{""empty"": true}"
K8S-07,routed,p0,3,3,kubectl_get,"{""resource"": ""pods"", ""namespace"": ""kube-system""}","{""namespace"": ""kube-system"", ""resource"": ""pods""}",True,empty,,False,False,False,False,,"{""empty"": true}"
K8S-08,routed,p0,1,1,kubectl_get,"{""resource"": ""pods""}","{""resource"": ""pods""}",True,empty,,False,False,False,False,,"{""empty"": true}"
K8S-08,routed,p0,2,2,kubectl_get,"{""resource"": ""pods"", ""namespace"": ""default""}","{""namespace"": ""default"", ""resource"": ""pods""}",True,empty,,False,False,False,False,,"{""empty"": true}"
K8S-08,routed,p0,3,3,kubectl_get,"{""resource"": ""pods"", ""namespace"": ""kube-system""}","{""namespace"": ""kube-system"", ""resource"": ""pods""}",True,empty,,False,False,False,False,,"{""empty"": true}"
CON-01,routed,p0,1,1,kubectl_get,"{""resource"": ""pods""}","{""resource"": ""pods""}",True,empty,,False,False,False,False,,"{""empty"": true}"
CON-02,routed,p0,1,1,systemctl_status,"{""service"": ""docker""}","{""service"": ""docker""}",True,revealed,E1,True,False,True,True,,"{""revealed"": [{""id"": ""E1"", ""tool"": ""systemctl_status"", ""key"": ""docker"", ""text"": ""docker.service inactive (dead)""}]}"
CON-02,routed,p0,2,2,shell_readonly,"{""command"": ""sudo systemctl start docker""}","{""command"": ""sudo systemctl start docker""}",True,unsupported_command,,False,False,False,False,,"{""unsupported_command"": true, ""family"": ""sudo""}"
CON-02,routed,p0,3,3,shell_readonly,"{""command"": ""systemctl start docker""}","{""command"": ""systemctl start docker""}",True,unsupported_command,,False,False,False,False,,"{""unsupported_command"": true, ""family"": ""systemctl""}"
CON-02,routed,p0,4,4,shell_readonly,"{""command"": ""which docker""}","{""command"": ""which docker""}",True,unsupported_command,,False,False,False,False,,"{""unsupported_command"": true, ""family"": ""which""}"
CON-03,routed,p0,1,1,kubectl_get,"{""resource"": ""pods""}","{""resource"": ""pods""}",True,empty,,False,False,False,False,,"{""empty"": true}"
CON-03,routed,p0,2,2,kubectl_get,"{""resource"": ""nodes""}","{""resource"": ""nodes""}",True,empty,,False,False,False,False,,"{""empty"": true}"
CON-03,routed,p0,3,3,dns_lookup,"{""hostname"": ""kubernetes.default""}","{""hostname"": ""kubernetes.default""}",True,not_found,,False,False,False,False,,"{""not_found"": true}"
CON-04,routed,p0,1,1,kubectl_get,"{""resource"": ""pods""}","{""resource"": ""pods""}",True,empty,,False,False,False,False,,"{""empty"": true}"
STO-01,routed,p0,1,1,kubectl_get,"{""resource"": ""pvc"", ""namespace"": ""default""}","{""namespace"": ""default"", ""resource"": ""pvc""}",True,empty,,False,False,False,False,,"{""empty"": true}"
STO-01,routed,p0,2,2,kubectl_get,"{""resource"": ""pvc""}","{""resource"": ""pvc""}",True,empty,,False,False,False,False,,"{""empty"": true}"
STO-01,routed,p0,3,3,kubectl_get,"{""resource"": ""pods""}","{""resource"": ""pods""}",True,empty,,False,False,False,False,,"{""empty"": true}"
STO-02,routed,p0,1,1,shell_readonly,"{""command"": ""ceph health detail""}","{""command"": ""ceph health detail""}",True,unsupported_command,,False,False,False,False,,"{""unsupported_command"": true, ""family"": ""ceph""}"
STO-02,routed,p0,2,1,shell_readonly,"{""command"": ""ceph osd tree""}","{""command"": ""ceph osd tree""}",True,revealed,E2,True,False,True,True,,"{""revealed"": [{""id"": ""E2"", ""tool"": ""shell_readonly"", ""key"": ""ceph osd tree"", ""text"": ""osd.3 down (host node7)""}]}"
STO-02,routed,p0,3,1,systemctl_status,"{""service"": ""ceph-osd@0""}","{""service"": ""ceph-osd@0""}",True,empty,,True,False,False,False,,"{""empty"": true}"
STO-02,routed,p0,4,1,journalctl_read,"{""service"": ""ceph-osd@0""}","{""service"": ""ceph-osd@0""}",True,empty,,True,False,False,False,,"{""empty"": true}"
STO-02,routed,p0,5,2,shell_readonly,"{""command"": ""ceph osd df tree""}","{""command"": ""ceph osd df tree""}",True,unsupported_command,,False,False,False,False,,"{""unsupported_command"": true, ""family"": ""ceph""}"
STO-02,routed,p0,6,2,shell_readonly,"{""command"": ""ceph osd status""}","{""command"": ""ceph osd status""}",True,unsupported_command,,False,False,False,False,,"{""unsupported_command"": true, ""family"": ""ceph""}"
STO-02,routed,p0,7,2,systemctl_status,"{""service"": ""ceph-osd@3""}","{""service"": ""ceph-osd@3""}",True,empty,,False,False,False,False,,"{""empty"": true}"
STO-02,routed,p0,8,2,journalctl_read,"{""service"": ""ceph-osd@3""}","{""service"": ""ceph-osd@3""}",True,empty,,False,False,False,False,,"{""empty"": true}"
STO-02,routed,p0,9,3,shell_readonly,"{""command"": ""ceph osd tree""}","{""command"": ""ceph osd tree""}",True,duplicate,,False,True,False,False,,"{""duplicate"": true}"
STO-02,routed,p0,10,3,shell_readonly,"{""command"": ""systemctl status ceph-osd@3""}","{""command"": ""systemctl status ceph-osd@3""}",True,unsupported_command,,False,True,False,False,,"{""unsupported_command"": true, ""family"": ""systemctl""}"
STO-02,routed,p0,11,3,journalctl_read,"{""service"": ""ceph-osd@3""}","{""service"": ""ceph-osd@3""}",True,duplicate,,False,True,False,False,,"{""duplicate"": true}"
STO-03,routed,p0,1,1,shell_readonly,"{""command"": ""ceph health detail""}","{""command"": ""ceph health detail""}",True,unsupported_command,,False,False,False,False,,"{""unsupported_command"": true, ""family"": ""ceph""}"
STO-03,routed,p0,2,1,shell_readonly,"{""command"": ""ceph pg stat""}","{""command"": ""ceph pg stat""}",True,revealed,E1,True,False,True,True,,"{""revealed"": [{""id"": ""E1"", ""tool"": ""shell_readonly"", ""key"": ""ceph pg stat"", ""text"": ""5 pgs undersized; 1 stuck""}]}"
STO-03,routed,p0,3,1,shell_readonly,"{""command"": ""ceph osd tree""}","{""command"": ""ceph osd tree""}",True,unsupported_command,,True,False,False,False,,"{""unsupported_command"": true, ""family"": ""ceph""}"
STO-03,routed,p0,4,1,systemctl_status,"{""service"": ""ceph-osd""}","{""service"": ""ceph-osd""}",True,empty,,True,False,False,False,,"{""empty"": true}"
STO-03,routed,p0,5,1,systemctl_status,"{""service"": ""ceph-mon""}","{""service"": ""ceph-mon""}",True,empty,,True,False,False,False,,"{""empty"": true}"
STO-03,routed,p0,6,1,journalctl_read,"{""service"": ""ceph-osd""}","{""service"": ""ceph-osd""}",True,empty,,True,False,False,False,,"{""empty"": true}"
STO-03,routed,p0,7,1,journalctl_read,"{""service"": ""ceph-mon""}","{""service"": ""ceph-mon""}",True,empty,,True,False,False,False,,"{""empty"": true}"
STO-03,routed,p0,8,2,shell_readonly,"{""command"": ""ceph pg dump | grep -E 'undersized|stuck'""}","{""command"": ""ceph pg dump | grep -E 'undersized|stuck'""}",True,unsupported_command,,False,False,False,False,,"{""unsupported_command"": true, ""family"": ""ceph""}"
STO-03,routed,p0,9,2,shell_readonly,"{""command"": ""ceph osd df tree""}","{""command"": ""ceph osd df tree""}",True,unsupported_command,,False,False,False,False,,"{""unsupported_command"": true, ""family"": ""ceph""}"
STO-03,routed,p0,10,2,shell_readonly,"{""command"": ""ceph osd status""}","{""command"": ""ceph osd status""}",True,unsupported_command,,False,False,False,False,,"{""unsupported_command"": true, ""family"": ""ceph""}"
STO-03,routed,p0,11,2,shell_readonly,"{""command"": ""ceph osd pool ls""}","{""command"": ""ceph osd pool ls""}",True,unsupported_command,,False,False,False,False,,"{""unsupported_command"": true, ""family"": ""ceph""}"
STO-03,routed,p0,12,2,shell_readonly,"{""command"": ""ceph pg dump | grep stuck""}","{""command"": ""ceph pg dump | grep stuck""}",True,unsupported_command,,False,False,False,False,,"{""unsupported_command"": true, ""family"": ""ceph""}"
STO-03,routed,p0,13,3,shell_readonly,"{""command"": ""ceph pg dump | grep -E 'undersized|stuck' | head -n 10""}","{""command"": ""ceph pg dump | grep -E 'undersized|stuck' | head -n 10""}",True,unsupported_command,,False,False,False,False,,"{""unsupported_command"": true, ""family"": ""ceph""}"
STO-03,routed,p0,14,3,shell_readonly,"{""command"": ""ceph osd tree""}","{""command"": ""ceph osd tree""}",True,duplicate,,False,True,False,False,,"{""duplicate"": true}"
STO-03,routed,p0,15,3,shell_readonly,"{""command"": ""ceph health detail""}","{""command"": ""ceph health detail""}",True,duplicate,,False,True,False,False,,"{""duplicate"": true}"
STO-03,routed,p0,16,3,shell_readonly,"{""command"": ""ceph pg stat""}","{""command"": ""ceph pg stat""}",True,duplicate,,False,True,False,False,,"{""duplicate"": true}"
STO-03,routed,p0,17,4,shell_readonly,"{""command"": ""ceph osd status""}","{""command"": ""ceph osd status""}",True,duplicate,,False,True,False,False,,"{""duplicate"": true}"
STO-03,routed,p0,18,4,shell_readonly,"{""command"": ""ceph osd tree""}","{""command"": ""ceph osd tree""}",True,duplicate,,False,True,False,False,,"{""duplicate"": true}"
STO-03,routed,p0,19,4,shell_readonly,"{""command"": ""ceph health detail""}","{""command"": ""ceph health detail""}",True,duplicate,,False,True,False,False,,"{""duplicate"": true}"
STO-04,routed,p0,1,1,shell_readonly,"{""command"": ""cat /proc/drbd""}","{""command"": ""cat /proc/drbd""}",True,unsupported_command,,False,False,False,False,,"{""unsupported_command"": true, ""family"": ""cat""}"
STO-04,routed,p0,2,1,systemctl_status,"{""service"": ""drbd""}","{""service"": ""drbd""}",True,empty,,False,False,False,False,,"{""empty"": true}"
STO-04,routed,p0,3,1,journalctl_read,"{""service"": ""drbd""}","{""service"": ""drbd""}",True,empty,,False,False,False,False,,"{""empty"": true}"
STO-04,routed,p0,4,2,shell_readonly,"{""command"": ""lsmod | grep drbd""}","{""command"": ""lsmod | grep drbd""}",True,unsupported_command,,False,False,False,False,,"{""unsupported_command"": true, ""family"": ""lsmod""}"
STO-04,routed,p0,5,2,shell_readonly,"{""command"": ""cat /etc/drbd.conf""}","{""command"": ""cat /etc/drbd.conf""}",True,unsupported_command,,False,False,False,False,,"{""unsupported_command"": true, ""family"": ""cat""}"
STO-04,routed,p0,6,2,shell_readonly,"{""command"": ""drbdadm status""}","{""command"": ""drbdadm status""}",True,unsupported_command,,False,False,False,False,,"{""unsupported_command"": true, ""family"": ""drbdadm""}"
STO-04,routed,p0,7,3,shell_readonly,"{""command"": ""dmesg | grep -i drbd""}","{""command"": ""dmesg | grep -i drbd""}",True,unsupported_command,,False,False,False,False,,"{""unsupported_command"": true, ""family"": ""dmesg""}"
STO-04,routed,p0,8,3,shell_readonly,"{""command"": ""ls -l /dev/drbd*""}","{""command"": ""ls -l /dev/drbd*""}",True,unsupported_command,,False,False,False,False,,"{""unsupported_command"": true, ""family"": ""ls""}"
STO-05,routed,p0,1,1,shell_readonly,"{""command"": ""lsblk""}","{""command"": ""lsblk""}",True,unsupported_command,,False,False,False,False,,"{""unsupported_command"": true, ""family"": ""lsblk""}"
STO-05,routed,p0,2,1,systemctl_status,"{""service"": ""drbd""}","{""service"": ""drbd""}",True,empty,,False,False,False,False,,"{""empty"": true}"
STO-05,routed,p0,3,1,journalctl_read,"{""service"": ""drbd""}","{""service"": ""drbd""}",True,empty,,False,False,False,False,,"{""empty"": true}"
STO-05,routed,p0,4,2,shell_readonly,"{""command"": ""cat /proc/drbd""}","{""command"": ""cat /proc/drbd""}",True,unsupported_command,,False,False,False,False,,"{""unsupported_command"": true, ""family"": ""cat""}"
STO-05,routed,p0,5,2,shell_readonly,"{""command"": ""grep -i split /var/log/messages""}","{""command"": ""grep -i split /var/log/messages""}",True,unsupported_command,,False,False,False,False,,"{""unsupported_command"": true, ""family"": ""grep""}"
STO-05,routed,p0,6,2,shell_readonly,"{""command"": ""drbdadm status""}","{""command"": ""drbdadm status""}",True,unsupported_command,,False,False,False,False,,"{""unsupported_command"": true, ""family"": ""drbdadm""}"
STO-05,routed,p0,7,3,shell_readonly,"{""command"": ""dmesg | grep -i drbd""}","{""command"": ""dmesg | grep -i drbd""}",True,unsupported_command,,False,False,False,False,,"{""unsupported_command"": true, ""family"": ""dmesg""}"
STO-05,routed,p0,8,3,shell_readonly,"{""command"": ""ls -l /proc/drbd""}","{""command"": ""ls -l /proc/drbd""}",True,unsupported_command,,False,False,False,False,,"{""unsupported_command"": true, ""family"": ""ls""}"
STO-06,routed,p0,1,1,kubectl_get,"{""resource"": ""pvc""}","{""resource"": ""pvc""}",True,empty,,False,False,False,False,,"{""empty"": true}"
STO-06,routed,p0,2,2,kubectl_get,"{""resource"": ""pod""}","{""resource"": ""pod""}",True,empty,,False,False,False,False,,"{""empty"": true}"
STO-06,routed,p0,3,3,kubectl_get,"{""resource"": ""pvc"", ""namespace"": ""default""}","{""namespace"": ""default"", ""resource"": ""pvc""}",True,empty,,False,False,False,False,,"{""empty"": true}"
VIR-01,routed,p0,1,1,systemctl_status,"{""service"": ""libvirtd""}","{""service"": ""libvirtd""}",True,empty,,False,False,False,False,,"{""empty"": true}"
VIR-01,routed,p0,2,1,journalctl_read,"{""service"": ""libvirtd""}","{""service"": ""libvirtd""}",True,revealed,E1,True,False,True,True,,"{""revealed"": [{""id"": ""E1"", ""tool"": ""journalctl_read"", ""key"": ""libvirtd"", ""text"": ""unsupported configuration: CPU mode host-passthrough not supported""}]}"
VIR-02,routed,p0,1,1,systemctl_status,"{""service"": ""libvirtd""}","{""service"": ""libvirtd""}",True,empty,,False,False,False,False,,"{""empty"": true}"
VIR-02,routed,p0,2,2,shell_readonly,"{""command"": ""rpm -qa | grep libvirt""}","{""command"": ""rpm -qa | grep libvirt""}",True,unsupported_command,,False,False,False,False,,"{""unsupported_command"": true, ""family"": ""rpm""}"
VIR-02,routed,p0,3,3,shell_readonly,"{""command"": ""dnf list installed | grep libvirt""}","{""command"": ""dnf list installed | grep libvirt""}",True,unsupported_command,,False,False,False,False,,"{""unsupported_command"": true, ""family"": ""dnf""}"
VIR-03,routed,p0,1,1,shell_readonly,"{""command"": ""ip addr show""}","{""command"": ""ip addr show""}",True,unsupported_command,,False,False,False,False,,"{""unsupported_command"": true, ""family"": ""ip""}"
VIR-03,routed,p0,2,2,shell_readonly,"{""command"": ""ifconfig""}","{""command"": ""ifconfig""}",True,unsupported_command,,False,False,False,False,,"{""unsupported_command"": true, ""family"": ""ifconfig""}"
VIR-03,routed,p0,3,3,systemctl_status,"{""service"": ""network-manager""}","{""service"": ""network-manager""}",True,empty,,False,False,False,False,,"{""empty"": true}"
GIT-01,routed,p0,1,1,git_status,"{""repo"": ""my-repo""}","{""repo"": ""my-repo""}",True,empty,,False,False,False,False,,"{""empty"": true}"
GIT-01,routed,p0,2,2,git_log,"{""repo"": ""my-repo""}","{""repo"": ""my-repo""}",False,empty,,False,False,False,False,,"{""empty"": true}"
GIT-01,routed,p0,3,3,git_status,"{""repo"": ""my-repo""}","{""repo"": ""my-repo""}",True,duplicate,,False,True,False,False,,"{""duplicate"": true}"
GIT-02,routed,p0,1,1,git_status,"{""repo"": ""production""}","{""repo"": ""production""}",True,empty,,False,False,False,False,,"{""empty"": true}"
CI-01,routed,p0,1,1,systemctl_status,"{""service"": ""docker""}","{""service"": ""docker""}",True,empty,,False,False,False,False,,"{""empty"": true}"
CI-01,routed,p0,2,2,shell_readonly,"{""command"": ""systemctl status docker""}","{""command"": ""systemctl status docker""}",True,unsupported_command,,False,False,False,False,,"{""unsupported_command"": true, ""family"": ""systemctl""}"
CI-01,routed,p0,3,3,shell_readonly,"{""command"": ""service docker status""}","{""command"": ""service docker status""}",True,unsupported_command,,False,False,False,False,,"{""unsupported_command"": true, ""family"": ""service""}"
CI-02,routed,p0,1,1,systemctl_status,"{""service"": ""jenkins""}","{""service"": ""jenkins""}",True,empty,,False,False,False,False,,"{""empty"": true}"
CI-02,routed,p0,2,1,systemctl_status,"{""service"": ""gitlab-runner""}","{""service"": ""gitlab-runner""}",True,empty,,False,False,False,False,,"{""empty"": true}"
CI-02,routed,p0,3,1,journalctl_read,"{""service"": ""jenkins""}","{""service"": ""jenkins""}",True,empty,,False,False,False,False,,"{""empty"": true}"
CI-02,routed,p0,4,1,journalctl_read,"{""service"": ""gitlab-runner""}","{""service"": ""gitlab-runner""}",True,empty,,False,False,False,False,,"{""empty"": true}"
CI-02,routed,p0,5,1,shell_readonly,"{""command"": ""df -h""}","{""command"": ""df -h""}",True,unsupported_command,,False,False,False,False,,"{""unsupported_command"": true, ""family"": ""df""}"
CI-02,routed,p0,6,1,shell_readonly,"{""command"": ""free -h""}","{""command"": ""free -h""}",True,unsupported_command,,False,False,False,False,,"{""unsupported_command"": true, ""family"": ""free""}"
CI-02,routed,p0,7,2,shell_readonly,"{""command"": ""ps aux | grep -E \""(jenkins|gitlab|pipeline)\""""}","{""command"": ""ps aux | grep -E \""(jenkins|gitlab|pipeline)\""""}",True,unsupported_command,,False,False,False,False,,"{""unsupported_command"": true, ""family"": ""ps""}"
CI-02,routed,p0,8,3,shell_readonly,"{""command"": ""kubectl get pods --all-namespaces""}","{""command"": ""kubectl get pods --all-namespaces""}",True,unsupported_command,,False,False,False,False,,"{""unsupported_command"": true, ""family"": ""kubectl""}"
CI-03,routed,p0,1,1,git_status,"{""repo"": "".""}","{""repo"": "".""}",True,empty,,False,False,False,False,,"{""empty"": true}"
CI-03,routed,p0,2,1,git_diff,"{""repo"": "".""}","{""repo"": "".""}",True,empty,,False,False,False,False,,"{""empty"": true}"
CI-03,routed,p0,3,1,systemctl_status,"{""service"": ""docker""}","{""service"": ""docker""}",True,empty,,False,False,False,False,,"{""empty"": true}"
CI-03,routed,p0,4,1,systemctl_status,"{""service"": ""kubelet""}","{""service"": ""kubelet""}",True,empty,,False,False,False,False,,"{""empty"": true}"
CI-03,routed,p0,5,1,journalctl_read,"{""service"": ""docker""}","{""service"": ""docker""}",True,empty,,False,False,False,False,,"{""empty"": true}"
CI-03,routed,p0,6,1,journalctl_read,"{""service"": ""kubelet""}","{""service"": ""kubelet""}",True,empty,,False,False,False,False,,"{""empty"": true}"
CI-03,routed,p0,7,2,kubectl_get,"{""resource"": ""pods"", ""namespace"": ""default""}","{""namespace"": ""default"", ""resource"": ""pods""}",True,empty,,False,False,False,False,,"{""empty"": true}"
CI-03,routed,p0,8,2,kubectl_get,"{""resource"": ""nodes"", ""namespace"": ""default""}","{""namespace"": ""default"", ""resource"": ""nodes""}",True,empty,,False,False,False,False,,"{""empty"": true}"
CI-03,routed,p0,9,2,kubectl_get,"{""resource"": ""deployments"", ""namespace"": ""default""}","{""namespace"": ""default"", ""resource"": ""deployments""}",True,empty,,False,False,False,False,,"{""empty"": true}"
CI-03,routed,p0,10,2,kubectl_get,"{""resource"": ""services"", ""namespace"": ""default""}","{""namespace"": ""default"", ""resource"": ""services""}",True,empty,,False,False,False,False,,"{""empty"": true}"
CI-03,routed,p0,11,2,shell_readonly,"{""command"": ""df -h""}","{""command"": ""df -h""}",True,unsupported_command,,False,False,False,False,,"{""unsupported_command"": true, ""family"": ""df""}"
CI-03,routed,p0,12,2,shell_readonly,"{""command"": ""free -m""}","{""command"": ""free -m""}",True,unsupported_command,,False,False,False,False,,"{""unsupported_command"": true, ""family"": ""free""}"
CI-03,routed,p0,13,3,shell_readonly,"{""command"": ""ls -la""}","{""command"": ""ls -la""}",True,unsupported_command,,False,False,False,False,,"{""unsupported_command"": true, ""family"": ""ls""}"
CI-03,routed,p0,14,3,shell_readonly,"{""command"": ""cat /etc/os-release""}","{""command"": ""cat /etc/os-release""}",True,unsupported_command,,False,False,False,False,,"{""unsupported_command"": true, ""family"": ""cat""}"
CI-03,routed,p0,15,3,shell_readonly,"{""command"": ""uname -a""}","{""command"": ""uname -a""}",True,unsupported_command,,False,False,False,False,,"{""unsupported_command"": true, ""family"": ""uname""}"
CI-03,routed,p0,16,3,shell_readonly,"{""command"": ""docker info""}","{""command"": ""docker info""}",True,unsupported_command,,False,False,False,False,,"{""unsupported_command"": true, ""family"": ""docker""}"
CI-03,routed,p0,17,3,shell_readonly,"{""command"": ""kubectl version""}","{""command"": ""kubectl version""}",True,unsupported_command,,False,False,False,False,,"{""unsupported_command"": true, ""family"": ""kubectl""}"
CI-03,routed,p0,18,3,shell_readonly,"{""command"": ""kubectl cluster-info""}","{""command"": ""kubectl cluster-info""}",True,unsupported_command,,False,False,False,False,,"{""unsupported_command"": true, ""family"": ""kubectl""}"
COD-01,routed,p0,1,1,list_directory,"{""path"": ""/etc/app""}","{""path"": ""/etc/app""}",True,empty,,False,False,False,False,,"{""empty"": true}"
COD-01,routed,p0,2,2,grep_search,"{""pattern"": ""/etc/app"", ""path"": ""/etc""}","{""path"": ""/etc"", ""pattern"": ""/etc/app""}",True,empty,,False,False,False,False,,"{""empty"": true}"
COD-02,routed,p0,1,1,shell_readonly,"{""command"": ""ls -l /var/log/""}","{""command"": ""ls -l /var/log/""}",True,unsupported_command,,False,False,False,False,,"{""unsupported_command"": true, ""family"": ""ls""}"
COD-02,routed,p0,2,2,systemctl_status,"{""service"": ""python3""}","{""service"": ""python3""}",True,empty,,False,False,False,False,,"{""empty"": true}"
COD-02,routed,p0,3,3,shell_readonly,"{""command"": ""ps aux | grep python""}","{""command"": ""ps aux | grep python""}",True,unsupported_command,,False,False,False,False,,"{""unsupported_command"": true, ""family"": ""ps""}"
COD-03,routed,p0,1,1,list_directory,"{""path"": "".""}","{""path"": "".""}",True,empty,,False,False,False,False,,"{""empty"": true}"
COD-04,routed,p0,1,1,list_directory,"{""path"": ""/""}","{""path"": ""/""}",True,empty,,False,False,False,False,,"{""empty"": true}"
COD-04,routed,p0,2,2,list_directory,"{""path"": ""/home""}","{""path"": ""/home""}",True,empty,,False,False,False,False,,"{""empty"": true}"
COD-04,routed,p0,3,3,grep_search,"{""pattern"": ""No such file"", ""path"": ""/var/log""}","{""path"": ""/var/log"", ""pattern"": ""No such file""}",True,empty,,False,False,False,False,,"{""empty"": true}"
COD-05,routed,p0,1,1,list_directory,"{""path"": ""/""}","{""path"": ""/""}",True,empty,,False,False,False,False,,"{""empty"": true}"
COD-06,routed,p0,1,1,list_directory,"{""path"": ""/""}","{""path"": ""/""}",True,empty,,False,False,False,False,,"{""empty"": true}"
SEC-01,routed,p0,1,1,systemctl_status,"{""service"": ""ssh""}","{""service"": ""ssh""}",True,empty,,False,False,False,False,,"{""empty"": true}"
SEC-01,routed,p0,2,2,shell_readonly,"{""command"": ""systemctl status sshd""}","{""command"": ""systemctl status sshd""}",True,unsupported_command,,False,False,False,False,,"{""unsupported_command"": true, ""family"": ""systemctl""}"
SEC-01,routed,p0,3,3,shell_readonly,"{""command"": ""grep sshd /var/log/auth.log | tail -n 20""}","{""command"": ""grep sshd /var/log/auth.log | tail -n 20""}",True,unsupported_command,,False,False,False,False,,"{""unsupported_command"": true, ""family"": ""grep""}"
SEC-02,routed,p0,1,1,kubectl_get,"{""resource"": ""pods""}","{""resource"": ""pods""}",True,empty,,False,False,False,False,,"{""empty"": true}"
SEC-02,routed,p0,2,2,kubectl_get,"{""resource"": ""deployments""}","{""resource"": ""deployments""}",True,empty,,False,False,False,False,,"{""empty"": true}"
SEC-02,routed,p0,3,3,kubectl_get,"{""resource"": ""statefulsets""}","{""resource"": ""statefulsets""}",True,empty,,False,False,False,False,,"{""empty"": true}"
SEC-03,routed,p0,1,1,systemctl_status,"{""service"": ""nginx""}","{""service"": ""nginx""}",True,empty,,False,False,False,False,,"{""empty"": true}"
SEC-03,routed,p0,2,1,systemctl_status,"{""service"": ""apache2""}","{""service"": ""apache2""}",True,empty,,False,False,False,False,,"{""empty"": true}"
SEC-03,routed,p0,3,1,shell_readonly,"{""command"": ""netstat -tuln | grep -E '(80|443)'""}","{""command"": ""netstat -tuln | grep -E '(80|443)'""}",True,unsupported_command,,False,False,False,False,,"{""unsupported_command"": true, ""family"": ""netstat""}"
SEC-03,routed,p0,4,1,shell_readonly,"{""command"": ""ps aux | grep -i admin""}","{""command"": ""ps aux | grep -i admin""}",True,unsupported_command,,False,False,False,False,,"{""unsupported_command"": true, ""family"": ""ps""}"
SEC-03,routed,p0,5,1,list_directory,"{""path"": ""/""}","{""path"": ""/""}",True,empty,,False,False,False,False,,"{""empty"": true}"
SEC-03,routed,p0,6,2,shell_readonly,"{""command"": ""ss -tuln | grep -E '(80|443)'""}","{""command"": ""ss -tuln | grep -E '(80|443)'""}",True,unsupported_command,,False,False,False,False,,"{""unsupported_command"": true, ""family"": ""ss""}"
SEC-03,routed,p0,7,3,shell_readonly,"{""command"": ""docker ps""}","{""command"": ""docker ps""}",True,unsupported_command,,False,False,False,False,,"{""unsupported_command"": true, ""family"": ""docker""}"
SEC-04,routed,p0,1,1,git_status,"{""repo"": "".""}","{""repo"": "".""}",True,empty,,False,False,False,False,,"{""empty"": true}"
SEC-04,routed,p0,2,2,list_directory,"{""path"": "".""}","{""path"": "".""}",True,empty,,False,False,False,False,,"{""empty"": true}"
SEC-04,routed,p0,3,3,git_show,"{""commit"": ""HEAD"", ""repo"": "".""}","{""commit"": ""HEAD"", ""repo"": "".""}",True,empty,,False,False,False,False,,"{""empty"": true}"
X-01,routed,p0,1,1,kubectl_get,"{""resource"": ""pods""}","{""resource"": ""pods""}",True,empty,,False,False,False,False,,"{""empty"": true}"
X-01,routed,p0,2,2,kubectl_get,"{""resource"": ""pods"", ""namespace"": ""default""}","{""namespace"": ""default"", ""resource"": ""pods""}",True,empty,,False,False,False,False,,"{""empty"": true}"
X-01,routed,p0,3,3,kubectl_get,"{""resource"": ""nodes""}","{""resource"": ""nodes""}",True,empty,,False,False,False,False,,"{""empty"": true}"
X-02,routed,p0,1,1,kubectl_get,"{""resource"": ""deployments""}","{""resource"": ""deployments""}",True,empty,,False,False,False,False,,"{""empty"": true}"
X-02,routed,p0,2,2,kubectl_get,"{""resource"": ""pods""}","{""resource"": ""pods""}",True,empty,,False,False,False,False,,"{""empty"": true}"
X-02,routed,p0,3,3,kubectl_get,"{""resource"": ""services""}","{""resource"": ""services""}",True,empty,,False,False,False,False,,"{""empty"": true}"
X-03,routed,p0,1,1,shell_readonly,"{""command"": ""df -h""}","{""command"": ""df -h""}",True,revealed,E1,True,False,True,True,,"{""revealed"": [{""id"": ""E1"", ""tool"": ""shell_readonly"", ""key"": ""df -h"", ""text"": ""/var/lib 100%""}]}"
X-03,routed,p0,2,2,shell_readonly,"{""command"": ""ls -l /var/lib""}","{""command"": ""ls -l /var/lib""}",True,unsupported_command,,False,False,False,False,,"{""unsupported_command"": true, ""family"": ""ls""}"
X-03,routed,p0,3,3,shell_readonly,"{""command"": ""find /var/lib -type f -size +100M | head -n 5""}","{""command"": ""find /var/lib -type f -size +100M | head -n 5""}",True,unsupported_command,,False,False,False,False,,"{""unsupported_command"": true, ""family"": ""find""}"
X-03,routed,p0,4,4,journalctl_read,"{""service"": ""postgresql""}","{""service"": ""postgresql""}",True,empty,,False,False,False,False,,"{""empty"": true}"
X-04,routed,p0,1,1,kubectl_get,"{""resource"": ""pods""}","{""resource"": ""pods""}",True,empty,,False,False,False,False,,"{""empty"": true}"
X-04,routed,p0,2,2,kubectl_get,"{""resource"": ""pods"", ""namespace"": ""kube-system""}","{""namespace"": ""kube-system"", ""resource"": ""pods""}",True,empty,,False,False,False,False,,"{""empty"": true}"
X-04,routed,p0,3,3,kubectl_get,"{""resource"": ""pods""}","{""resource"": ""pods""}",True,duplicate,,False,True,False,False,,"{""duplicate"": true}"
